id,store,gender,since,age
1,3,M,2017-01-04,72
2,3,M,2017-01-07,72
3,3,M,2017-01-10,72
4,3,M,2017-01-13,72
5,3,M,2017-01-15,71
6,3,M,2017-01-18,71
7,3,M,2017-01-21,71
8,3,M,2017-01-24,71
9,3,M,2017-01-26,71
10,3,M,2017-01-29,71
11,3,M,2017-02-01,70
12,3,M,2017-02-04,70
13,3,M,2017-02-06,70
14,3,M,2017-02-09,70
15,3,M,2017-02-12,70
16,3,M,2017-02-15,70
17,3,M,2017-02-17,69
18,3,M,2017-02-20,69
19,3,M,2017-02-23,69
20,3,M,2017-02-26,69
21,3,M,2017-02-28,69
22,3,M,2017-03-03,69
23,3,M,2017-03-06,68
24,3,M,2017-03-09,68
25,3,M,2017-03-11,68
26,3,M,2017-03-14,68
27,3,M,2017-03-17,68
28,3,M,2017-03-20,68
29,3,M,2017-03-22,67
30,3,M,2017-03-25,67
31,3,M,2017-03-28,67
32,3,M,2017-03-31,67
33,3,M,2017-04-02,67
34,3,M,2017-04-05,66
35,3,M,2017-04-08,66
36,3,M,2017-04-11,66
37,3,M,2017-04-13,66
38,3,M,2017-04-16,66
39,3,M,2017-04-19,66
40,3,M,2017-04-22,65
41,3,M,2017-04-25,65
42,3,M,2017-04-27,65
43,3,M,2017-04-30,65
44,3,M,2017-05-03,65
45,3,M,2017-05-06,65
46,3,M,2017-05-08,64
47,3,M,2017-05-11,64
48,3,M,2017-05-14,64
49,3,M,2017-05-17,64
50,3,M,2017-05-19,64
51,3,M,2017-05-22,64
52,3,M,2017-05-25,63
53,3,M,2017-05-28,63
54,3,M,2017-05-30,63
55,3,M,2017-06-02,63
56,3,M,2017-06-05,63
57,3,M,2017-06-08,63
58,3,M,2017-06-10,62
59,3,M,2017-06-13,62
60,3,M,2017-06-16,62
61,3,M,2017-06-19,62
62,3,M,2017-06-21,62
63,3,M,2017-06-24,62
64,3,M,2017-06-27,61
65,3,M,2017-06-30,61
66,3,M,2017-07-02,61
67,3,M,2017-07-05,61
68,3,M,2017-07-08,61
69,3,M,2017-07-11,61
70,3,M,2017-07-13,60
71,3,M,2017-07-16,60
72,3,M,2017-07-19,60
73,3,M,2017-07-22,60
74,3,M,2017-07-24,60
75,3,M,2017-07-27,60
76,3,M,2017-07-30,59
77,3,M,2017-08-02,59
78,3,M,2017-08-05,59
79,3,M,2017-08-07,59
80,3,M,2017-08-10,59
81,3,M,2017-08-13,58
82,3,M,2017-08-16,58
83,3,M,2017-08-18,58
84,3,M,2017-08-21,58
85,3,M,2017-08-24,58
86,3,M,2017-08-27,58
87,3,M,2017-08-29,57
88,3,M,2017-09-01,57
89,3,M,2017-09-04,57
90,3,M,2017-09-07,57
91,3,M,2017-09-09,57
92,3,M,2017-09-12,57
93,3,M,2017-09-15,56
94,3,M,2017-09-18,56
95,3,M,2017-09-20,56
96,3,M,2017-09-23,56
97,3,M,2017-09-26,56
98,3,M,2017-09-29,56
99,3,M,2017-10-01,55
100,3,M,2017-10-04,55
101,3,M,2017-10-07,55
102,3,M,2017-10-10,55
103,3,M,2017-10-12,55
104,3,M,2017-10-15,55
105,3,M,2017-10-18,54
106,3,M,2017-10-21,54
107,3,M,2017-10-23,54
108,3,M,2017-10-26,54
109,3,M,2017-10-29,54
110,3,M,2017-11-01,54
111,3,M,2017-11-03,53
112,3,M,2017-11-06,53
113,3,M,2017-11-09,53
114,3,M,2017-11-12,53
115,3,M,2017-11-15,53
116,3,M,2017-11-17,53
117,3,M,2017-11-20,52
118,3,M,2017-11-23,52
119,3,M,2017-11-26,52
120,3,M,2017-11-28,52
121,3,M,2017-12-01,52
122,3,M,2017-12-04,52
123,3,M,2017-12-07,51
124,3,M,2017-12-09,51
125,3,M,2017-12-12,51
126,3,M,2017-12-15,51
127,3,M,2017-12-18,51
128,3,M,2017-12-20,50
129,3,M,2017-12-23,50
130,3,M,2017-12-26,50
131,3,M,2017-12-29,50
132,3,M,2017-12-31,50
133,3,M,2018-01-03,50
134,3,M,2018-01-06,49
135,3,M,2018-01-09,49
136,3,M,2018-01-11,49
137,3,M,2018-01-14,49
138,3,M,2018-01-17,49
139,3,M,2018-01-20,49
140,3,M,2018-01-22,48
141,3,M,2018-01-25,48
142,3,M,2018-01-28,48
143,3,M,2018-01-31,48
144,3,M,2018-02-02,48
145,3,M,2018-02-05,48
146,3,M,2018-02-08,47
147,3,M,2018-02-11,47
148,3,M,2018-02-13,47
149,3,M,2018-02-16,47
150,3,M,2018-02-19,47
151,3,M,2018-02-22,47
152,3,M,2018-02-25,46
153,3,M,2018-02-27,46
154,3,M,2018-03-02,46
155,3,M,2018-03-05,46
156,3,M,2018-03-08,46
157,3,M,2018-03-10,46
158,3,M,2018-03-13,45
159,3,M,2018-03-16,45
160,3,M,2018-03-19,45
161,3,M,2018-03-21,45
162,3,M,2018-03-24,45
163,3,M,2018-03-27,45
164,3,M,2018-03-30,44
165,3,M,2018-04-01,44
166,3,M,2018-04-04,44
167,3,M,2018-04-07,44
168,3,M,2018-04-10,44
169,3,M,2018-04-12,44
170,3,M,2018-04-15,43
171,3,M,2018-04-18,43
172,3,M,2018-04-21,43
173,3,M,2018-04-23,43
174,3,M,2018-04-26,43
175,3,M,2018-04-29,42
176,3,M,2018-05-02,42
177,3,M,2018-05-04,42
178,3,M,2018-05-07,42
179,3,M,2018-05-10,42
180,3,M,2018-05-13,42
181,3,M,2018-05-15,41
182,3,M,2018-05-18,41
183,3,M,2018-05-21,41
184,3,M,2018-05-24,41
185,3,M,2018-05-26,41
186,3,M,2018-05-29,41
187,3,M,2018-06-01,40
188,3,M,2018-06-04,40
189,3,M,2018-06-07,40
190,3,M,2018-06-09,40
191,3,M,2018-06-12,40
192,3,M,2018-06-15,40
193,3,M,2018-06-18,39
194,3,M,2018-06-20,39
195,3,M,2018-06-23,39
196,3,M,2018-06-26,39
197,3,M,2018-06-29,39
198,3,M,2018-07-01,39
199,3,M,2018-07-04,38
200,3,M,2018-07-07,38
201,3,M,2018-07-10,38
202,3,M,2018-07-12,38
203,3,M,2018-07-15,38
204,3,M,2018-07-18,38
205,3,M,2018-07-21,37
206,3,M,2018-07-23,37
207,3,M,2018-07-26,37
208,3,M,2018-07-29,37
209,3,M,2018-08-01,37
210,3,M,2018-08-03,37
211,3,M,2018-08-06,36
212,3,M,2018-08-09,36
213,3,M,2018-08-12,36
214,3,M,2018-08-14,36
215,3,M,2018-08-17,36
216,3,M,2018-08-20,36
217,3,M,2018-08-23,35
218,3,M,2018-08-25,35
219,3,M,2018-08-28,35
220,3,M,2018-08-31,35
221,3,M,2018-09-03,35
222,3,M,2018-09-05,34
223,3,M,2018-09-08,34
224,3,M,2018-09-11,34
225,3,M,2018-09-14,34
226,3,M,2018-09-17,34
227,3,M,2018-09-19,34
228,3,M,2018-09-22,33
229,3,M,2018-09-25,33
230,3,M,2018-09-28,33
231,3,M,2018-09-30,33
232,3,M,2018-10-03,33
233,3,M,2018-10-06,33
234,3,M,2018-10-09,32
235,3,M,2018-10-11,32
236,3,M,2018-10-14,32
237,3,M,2018-10-17,32
238,3,M,2018-10-20,32
239,3,M,2018-10-22,32
240,3,M,2018-10-25,31
241,3,M,2018-10-28,31
242,3,M,2018-10-31,31
243,3,M,2018-11-02,31
244,3,M,2018-11-05,31
245,3,M,2018-11-08,31
246,3,M,2018-11-11,30
247,3,M,2018-11-13,30
248,3,M,2018-11-16,30
249,3,M,2018-11-19,30
250,3,M,2018-11-22,30
251,3,M,2018-11-24,30
252,3,M,2018-11-27,29
253,3,M,2018-11-30,29
254,3,M,2018-12-03,29
255,3,M,2018-12-05,29
256,3,M,2018-12-08,29
257,3,M,2018-12-11,29
258,3,M,2018-12-14,28
259,3,M,2018-12-16,28
260,3,M,2018-12-19,28
261,3,M,2018-12-22,28
262,3,M,2018-12-25,28
263,3,M,2018-12-28,28
264,3,M,2018-12-30,27
265,3,M,2019-01-02,27
266,3,M,2019-01-05,27
267,3,M,2019-01-08,27
268,3,M,2019-01-10,27
269,3,M,2019-01-13,27
270,3,M,2019-01-16,26
271,3,M,2019-01-19,26
272,3,M,2019-01-21,26
273,3,M,2019-01-24,26
274,3,M,2019-01-27,26
275,3,M,2019-01-30,25
276,3,M,2019-02-01,25
277,3,M,2019-02-04,25
278,3,M,2019-02-07,25
279,3,M,2019-02-10,25
280,3,M,2019-02-12,25
281,3,M,2019-02-15,24
282,3,M,2019-02-18,24
283,3,M,2019-02-21,24
284,3,M,2019-02-23,24
285,3,M,2019-02-26,24
286,3,M,2019-03-01,24
287,3,M,2019-03-04,23
288,3,M,2019-03-06,23
289,3,M,2019-03-09,23
290,3,M,2019-03-12,23
291,3,M,2019-03-15,23
292,3,M,2019-03-17,23
293,3,M,2019-03-20,22
294,3,M,2019-03-23,22
295,3,M,2019-03-26,22
296,3,M,2019-03-28,22
297,3,M,2019-03-31,22
298,3,M,2019-04-03,22
299,3,M,2019-04-06,21
300,3,M,2019-04-09,21
301,3,F,2017-01-04,72
302,3,F,2017-01-06,72
303,3,F,2017-01-08,72
304,3,F,2017-01-10,72
305,3,F,2017-01-12,72
306,3,F,2017-01-14,71
307,3,F,2017-01-16,71
308,3,F,2017-01-18,71
309,3,F,2017-01-20,71
310,3,F,2017-01-22,71
311,3,F,2017-01-24,71
312,3,F,2017-01-26,71
313,3,F,2017-01-28,71
314,3,F,2017-01-30,70
315,3,F,2017-02-02,70
316,3,F,2017-02-04,70
317,3,F,2017-02-06,70
318,3,F,2017-02-08,70
319,3,F,2017-02-10,70
320,3,F,2017-02-12,70
321,3,F,2017-02-14,70
322,3,F,2017-02-16,69
323,3,F,2017-02-18,69
324,3,F,2017-02-20,69
325,3,F,2017-02-22,69
326,3,F,2017-02-24,69
327,3,F,2017-02-26,69
328,3,F,2017-02-28,69
329,3,F,2017-03-02,69
330,3,F,2017-03-05,68
331,3,F,2017-03-07,68
332,3,F,2017-03-09,68
333,3,F,2017-03-11,68
334,3,F,2017-03-13,68
335,3,F,2017-03-15,68
336,3,F,2017-03-17,68
337,3,F,2017-03-19,68
338,3,F,2017-03-21,67
339,3,F,2017-03-23,67
340,3,F,2017-03-25,67
341,3,F,2017-03-27,67
342,3,F,2017-03-29,67
343,3,F,2017-03-31,67
344,3,F,2017-04-02,67
345,3,F,2017-04-05,67
346,3,F,2017-04-07,66
347,3,F,2017-04-09,66
348,3,F,2017-04-11,66
349,3,F,2017-04-13,66
350,3,F,2017-04-15,66
351,3,F,2017-04-17,66
352,3,F,2017-04-19,66
353,3,F,2017-04-21,66
354,3,F,2017-04-23,65
355,3,F,2017-04-25,65
356,3,F,2017-04-27,65
357,3,F,2017-04-29,65
358,3,F,2017-05-01,65
359,3,F,2017-05-03,65
360,3,F,2017-05-06,65
361,3,F,2017-05-08,64
362,3,F,2017-05-10,64
363,3,F,2017-05-12,64
364,3,F,2017-05-14,64
365,3,F,2017-05-16,64
366,3,F,2017-05-18,64
367,3,F,2017-05-20,64
368,3,F,2017-05-22,64
369,3,F,2017-05-24,63
370,3,F,2017-05-26,63
371,3,F,2017-05-28,63
372,3,F,2017-05-30,63
373,3,F,2017-06-01,63
374,3,F,2017-06-03,63
375,3,F,2017-06-06,63
376,3,F,2017-06-08,63
377,3,F,2017-06-10,62
378,3,F,2017-06-12,62
379,3,F,2017-06-14,62
380,3,F,2017-06-16,62
381,3,F,2017-06-18,62
382,3,F,2017-06-20,62
383,3,F,2017-06-22,62
384,3,F,2017-06-24,62
385,3,F,2017-06-26,61
386,3,F,2017-06-28,61
387,3,F,2017-06-30,61
388,3,F,2017-07-02,61
389,3,F,2017-07-05,61
390,3,F,2017-07-07,61
391,3,F,2017-07-09,61
392,3,F,2017-07-11,61
393,3,F,2017-07-13,60
394,3,F,2017-07-15,60
395,3,F,2017-07-17,60
396,3,F,2017-07-19,60
397,3,F,2017-07-21,60
398,3,F,2017-07-23,60
399,3,F,2017-07-25,60
400,3,F,2017-07-27,60
401,3,F,2017-07-29,59
402,3,F,2017-07-31,59
403,3,F,2017-08-02,59
404,3,F,2017-08-05,59
405,3,F,2017-08-07,59
406,3,F,2017-08-09,59
407,3,F,2017-08-11,59
408,3,F,2017-08-13,58
409,3,F,2017-08-15,58
410,3,F,2017-08-17,58
411,3,F,2017-08-19,58
412,3,F,2017-08-21,58
413,3,F,2017-08-23,58
414,3,F,2017-08-25,58
415,3,F,2017-08-27,58
416,3,F,2017-08-29,57
417,3,F,2017-08-31,57
418,3,F,2017-09-02,57
419,3,F,2017-09-05,57
420,3,F,2017-09-07,57
421,3,F,2017-09-09,57
422,3,F,2017-09-11,57
423,3,F,2017-09-13,57
424,3,F,2017-09-15,56
425,3,F,2017-09-17,56
426,3,F,2017-09-19,56
427,3,F,2017-09-21,56
428,3,F,2017-09-23,56
429,3,F,2017-09-25,56
430,3,F,2017-09-27,56
431,3,F,2017-09-29,56
432,3,F,2017-10-01,55
433,3,F,2017-10-03,55
434,3,F,2017-10-06,55
435,3,F,2017-10-08,55
436,3,F,2017-10-10,55
437,3,F,2017-10-12,55
438,3,F,2017-10-14,55
439,3,F,2017-10-16,55
440,3,F,2017-10-18,54
441,3,F,2017-10-20,54
442,3,F,2017-10-22,54
443,3,F,2017-10-24,54
444,3,F,2017-10-26,54
445,3,F,2017-10-28,54
446,3,F,2017-10-30,54
447,3,F,2017-11-01,54
448,3,F,2017-11-03,53
449,3,F,2017-11-06,53
450,3,F,2017-11-08,53
451,3,F,2017-11-10,53
452,3,F,2017-11-12,53
453,3,F,2017-11-14,53
454,3,F,2017-11-16,53
455,3,F,2017-11-18,52
456,3,F,2017-11-20,52
457,3,F,2017-11-22,52
458,3,F,2017-11-24,52
459,3,F,2017-11-26,52
460,3,F,2017-11-28,52
461,3,F,2017-11-30,52
462,3,F,2017-12-02,52
463,3,F,2017-12-05,51
464,3,F,2017-12-07,51
465,3,F,2017-12-09,51
466,3,F,2017-12-11,51
467,3,F,2017-12-13,51
468,3,F,2017-12-15,51
469,3,F,2017-12-17,51
470,3,F,2017-12-19,51
471,3,F,2017-12-21,50
472,3,F,2017-12-23,50
473,3,F,2017-12-25,50
474,3,F,2017-12-27,50
475,3,F,2017-12-29,50
476,3,F,2017-12-31,50
477,3,F,2018-01-02,50
478,3,F,2018-01-05,50
479,3,F,2018-01-07,49
480,3,F,2018-01-09,49
481,3,F,2018-01-11,49
482,3,F,2018-01-13,49
483,3,F,2018-01-15,49
484,3,F,2018-01-17,49
485,3,F,2018-01-19,49
486,3,F,2018-01-21,49
487,3,F,2018-01-23,48
488,3,F,2018-01-25,48
489,3,F,2018-01-27,48
490,3,F,2018-01-29,48
491,3,F,2018-01-31,48
492,3,F,2018-02-02,48
493,3,F,2018-02-05,48
494,3,F,2018-02-07,48
495,3,F,2018-02-09,47
496,3,F,2018-02-11,47
497,3,F,2018-02-13,47
498,3,F,2018-02-15,47
499,3,F,2018-02-17,47
500,3,F,2018-02-19,47
501,3,F,2018-02-21,47
502,3,F,2018-02-23,46
503,3,F,2018-02-25,46
504,3,F,2018-02-27,46
505,3,F,2018-03-01,46
506,3,F,2018-03-03,46
507,3,F,2018-03-05,46
508,3,F,2018-03-08,46
509,3,F,2018-03-10,46
510,3,F,2018-03-12,45
511,3,F,2018-03-14,45
512,3,F,2018-03-16,45
513,3,F,2018-03-18,45
514,3,F,2018-03-20,45
515,3,F,2018-03-22,45
516,3,F,2018-03-24,45
517,3,F,2018-03-26,45
518,3,F,2018-03-28,44
519,3,F,2018-03-30,44
520,3,F,2018-04-01,44
521,3,F,2018-04-03,44
522,3,F,2018-04-05,44
523,3,F,2018-04-08,44
524,3,F,2018-04-10,44
525,3,F,2018-04-12,44
526,3,F,2018-04-14,43
527,3,F,2018-04-16,43
528,3,F,2018-04-18,43
529,3,F,2018-04-20,43
530,3,F,2018-04-22,43
531,3,F,2018-04-24,43
532,3,F,2018-04-26,43
533,3,F,2018-04-28,43
534,3,F,2018-04-30,42
535,3,F,2018-05-02,42
536,3,F,2018-05-04,42
537,3,F,2018-05-06,42
538,3,F,2018-05-09,42
539,3,F,2018-05-11,42
540,3,F,2018-05-13,42
541,3,F,2018-05-15,42
542,3,F,2018-05-17,41
543,3,F,2018-05-19,41
544,3,F,2018-05-21,41
545,3,F,2018-05-23,41
546,3,F,2018-05-25,41
547,3,F,2018-05-27,41
548,3,F,2018-05-29,41
549,3,F,2018-05-31,40
550,3,F,2018-06-02,40
551,3,F,2018-06-04,40
552,3,F,2018-06-07,40
553,3,F,2018-06-09,40
554,3,F,2018-06-11,40
555,3,F,2018-06-13,40
556,3,F,2018-06-15,40
557,3,F,2018-06-17,39
558,3,F,2018-06-19,39
559,3,F,2018-06-21,39
560,3,F,2018-06-23,39
561,3,F,2018-06-25,39
562,3,F,2018-06-27,39
563,3,F,2018-06-29,39
564,3,F,2018-07-01,39
565,3,F,2018-07-03,38
566,3,F,2018-07-05,38
567,3,F,2018-07-08,38
568,3,F,2018-07-10,38
569,3,F,2018-07-12,38
570,3,F,2018-07-14,38
571,3,F,2018-07-16,38
572,3,F,2018-07-18,38
573,3,F,2018-07-20,37
574,3,F,2018-07-22,37
575,3,F,2018-07-24,37
576,3,F,2018-07-26,37
577,3,F,2018-07-28,37
578,3,F,2018-07-30,37
579,3,F,2018-08-01,37
580,3,F,2018-08-03,37
581,3,F,2018-08-05,36
582,3,F,2018-08-08,36
583,3,F,2018-08-10,36
584,3,F,2018-08-12,36
585,3,F,2018-08-14,36
586,3,F,2018-08-16,36
587,3,F,2018-08-18,36
588,3,F,2018-08-20,36
589,3,F,2018-08-22,35
590,3,F,2018-08-24,35
591,3,F,2018-08-26,35
592,3,F,2018-08-28,35
593,3,F,2018-08-30,35
594,3,F,2018-09-01,35
595,3,F,2018-09-03,35
596,3,F,2018-09-05,34
597,3,F,2018-09-08,34
598,3,F,2018-09-10,34
599,3,F,2018-09-12,34
600,3,F,2018-09-14,34
601,3,F,2018-09-16,34
602,3,F,2018-09-18,34
603,3,F,2018-09-20,34
604,3,F,2018-09-22,33
605,3,F,2018-09-24,33
606,3,F,2018-09-26,33
607,3,F,2018-09-28,33
608,3,F,2018-09-30,33
609,3,F,2018-10-02,33
610,3,F,2018-10-04,33
611,3,F,2018-10-06,33
612,3,F,2018-10-09,32
613,3,F,2018-10-11,32
614,3,F,2018-10-13,32
615,3,F,2018-10-15,32
616,3,F,2018-10-17,32
617,3,F,2018-10-19,32
618,3,F,2018-10-21,32
619,3,F,2018-10-23,32
620,3,F,2018-10-25,31
621,3,F,2018-10-27,31
622,3,F,2018-10-29,31
623,3,F,2018-10-31,31
624,3,F,2018-11-02,31
625,3,F,2018-11-04,31
626,3,F,2018-11-07,31
627,3,F,2018-11-09,31
628,3,F,2018-11-11,30
629,3,F,2018-11-13,30
630,3,F,2018-11-15,30
631,3,F,2018-11-17,30
632,3,F,2018-11-19,30
633,3,F,2018-11-21,30
634,3,F,2018-11-23,30
635,3,F,2018-11-25,30
636,3,F,2018-11-27,29
637,3,F,2018-11-29,29
638,3,F,2018-12-01,29
639,3,F,2018-12-03,29
640,3,F,2018-12-05,29
641,3,F,2018-12-08,29
642,3,F,2018-12-10,29
643,3,F,2018-12-12,29
644,3,F,2018-12-14,28
645,3,F,2018-12-16,28
646,3,F,2018-12-18,28
647,3,F,2018-12-20,28
648,3,F,2018-12-22,28
649,3,F,2018-12-24,28
650,3,F,2018-12-26,28
651,3,F,2018-12-28,27
652,3,F,2018-12-30,27
653,3,F,2019-01-01,27
654,3,F,2019-01-03,27
655,3,F,2019-01-05,27
656,3,F,2019-01-08,27
657,3,F,2019-01-10,27
658,3,F,2019-01-12,27
659,3,F,2019-01-14,26
660,3,F,2019-01-16,26
661,3,F,2019-01-18,26
662,3,F,2019-01-20,26
663,3,F,2019-01-22,26
664,3,F,2019-01-24,26
665,3,F,2019-01-26,26
666,3,F,2019-01-28,26
667,3,F,2019-01-30,25
668,3,F,2019-02-01,25
669,3,F,2019-02-03,25
670,3,F,2019-02-05,25
671,3,F,2019-02-08,25
672,3,F,2019-02-10,25
673,3,F,2019-02-12,25
674,3,F,2019-02-14,25
675,3,F,2019-02-16,24
676,3,F,2019-02-18,24
677,3,F,2019-02-20,24
678,3,F,2019-02-22,24
679,3,F,2019-02-24,24
680,3,F,2019-02-26,24
681,3,F,2019-02-28,24
682,3,F,2019-03-02,24
683,3,F,2019-03-04,23
684,3,F,2019-03-06,23
685,3,F,2019-03-08,23
686,3,F,2019-03-11,23
687,3,F,2019-03-13,23
688,3,F,2019-03-15,23
689,3,F,2019-03-17,23
690,3,F,2019-03-19,23
691,3,F,2019-03-21,22
692,3,F,2019-03-23,22
693,3,F,2019-03-25,22
694,3,F,2019-03-27,22
695,3,F,2019-03-29,22
696,3,F,2019-03-31,22
697,3,F,2019-04-02,22
698,3,F,2019-04-04,21
699,3,F,2019-04-06,21
700,3,F,2019-04-09,21
701,3,na,2017-01-10,72
702,3,na,2017-01-18,71
703,3,na,2017-01-26,71
704,3,na,2017-02-04,70
705,3,na,2017-02-12,70
706,3,na,2017-02-20,69
707,3,na,2017-02-28,69
708,3,na,2017-03-09,68
709,3,na,2017-03-17,68
710,3,na,2017-03-25,67
711,3,na,2017-04-02,67
712,3,na,2017-04-11,66
713,3,na,2017-04-19,66
714,3,na,2017-04-27,65
715,3,na,2017-05-06,65
716,3,na,2017-05-14,64
717,3,na,2017-05-22,64
718,3,na,2017-05-30,63
719,3,na,2017-06-08,63
720,3,na,2017-06-16,62
721,3,na,2017-06-24,62
722,3,na,2017-07-02,61
723,3,na,2017-07-11,61
724,3,na,2017-07-19,60
725,3,na,2017-07-27,60
726,3,na,2017-08-05,59
727,3,na,2017-08-13,58
728,3,na,2017-08-21,58
729,3,na,2017-08-29,57
730,3,na,2017-09-07,57
731,3,na,2017-09-15,56
732,3,na,2017-09-23,56
733,3,na,2017-10-01,55
734,3,na,2017-10-10,55
735,3,na,2017-10-18,54
736,3,na,2017-10-26,54
737,3,na,2017-11-03,53
738,3,na,2017-11-12,53
739,3,na,2017-11-20,52
740,3,na,2017-11-28,52
741,3,na,2017-12-07,51
742,3,na,2017-12-15,51
743,3,na,2017-12-23,50
744,3,na,2017-12-31,50
745,3,na,2018-01-09,49
746,3,na,2018-01-17,49
747,3,na,2018-01-25,48
748,3,na,2018-02-02,48
749,3,na,2018-02-11,47
750,3,na,2018-02-19,47
751,3,na,2018-02-27,46
752,3,na,2018-03-08,46
753,3,na,2018-03-16,45
754,3,na,2018-03-24,45
755,3,na,2018-04-01,44
756,3,na,2018-04-10,44
757,3,na,2018-04-18,43
758,3,na,2018-04-26,43
759,3,na,2018-05-04,42
760,3,na,2018-05-13,42
761,3,na,2018-05-21,41
762,3,na,2018-05-29,41
763,3,na,2018-06-07,40
764,3,na,2018-06-15,40
765,3,na,2018-06-23,39
766,3,na,2018-07-01,39
767,3,na,2018-07-10,38
768,3,na,2018-07-18,38
769,3,na,2018-07-26,37
770,3,na,2018-08-03,37
771,3,na,2018-08-12,36
772,3,na,2018-08-20,36
773,3,na,2018-08-28,35
774,3,na,2018-09-05,34
775,3,na,2018-09-14,34
776,3,na,2018-09-22,33
777,3,na,2018-09-30,33
778,3,na,2018-10-09,32
779,3,na,2018-10-17,32
780,3,na,2018-10-25,31
781,3,na,2018-11-02,31
782,3,na,2018-11-11,30
783,3,na,2018-11-19,30
784,3,na,2018-11-27,29
785,3,na,2018-12-05,29
786,3,na,2018-12-14,28
787,3,na,2018-12-22,28
788,3,na,2018-12-30,27
789,3,na,2019-01-08,27
790,3,na,2019-01-16,26
791,3,na,2019-01-24,26
792,3,na,2019-02-01,25
793,3,na,2019-02-10,25
794,3,na,2019-02-18,24
795,3,na,2019-02-26,24
796,3,na,2019-03-06,23
797,3,na,2019-03-15,23
798,3,na,2019-03-23,22
799,3,na,2019-03-31,22
800,3,na,2019-04-09,21
1000,3,na,2017-01-01,39
5000,5,M,2017-03-06,40
5001,5,na,2017-06-05,38
5002,5,na,2018-03-04,31
5003,5,na,2018-02-20,32
5004,5,F,2018-06-14,40
5005,5,na,2018-04-23,30
5006,5,na,2018-10-12,26
5007,5,na,2017-04-24,39
5008,5,F,2017-10-16,55
5009,5,M,2019-03-01,24
5010,5,M,2017-08-22,58
5011,5,F,2018-08-15,36
5012,5,F,2017-06-30,61
5013,5,na,2017-08-21,36
5014,5,M,2018-03-26,45
5015,5,F,2017-09-23,56
5016,5,na,2018-11-17,25
5017,5,na,2019-01-25,23
5018,5,F,2017-02-07,70
5019,5,na,2018-04-04,31
5020,5,M,2017-11-10,53
5021,5,F,2018-03-05,46
5022,5,na,2017-09-09,36
5023,5,M,2017-11-14,53
5024,5,na,2017-03-21,40
5025,5,na,2017-01-18,42
5026,5,M,2017-10-20,54
5027,5,F,2018-08-19,36
5028,5,na,2017-07-21,37
5029,5,M,2019-02-12,25
5030,5,F,2017-08-08,59
5031,5,na,2018-08-27,27
5032,5,F,2018-03-23,45
5033,5,F,2018-02-10,47
5034,5,F,2017-10-11,55
5035,5,na,2018-04-06,31
5036,5,M,2017-02-02,70
5037,5,F,2019-03-14,23
5038,5,M,2018-06-17,39
5039,5,M,2018-03-05,46
5040,5,na,2018-06-29,28
5041,5,M,2017-12-12,51
5042,5,na,2017-09-14,36
5043,5,M,2017-12-15,51
5044,5,F,2017-07-27,60
5045,5,M,2019-04-09,21
5046,5,na,2017-11-14,34
5047,5,M,2017-05-31,63
5048,5,na,2019-04-04,21
5049,5,na,2018-05-31,29
5050,5,F,2018-06-30,39
5051,5,na,2018-02-13,32
5052,5,F,2018-02-21,47
5053,5,F,2019-01-04,27
5054,5,na,2018-11-14,25
5055,5,F,2017-06-07,63
5056,5,M,2017-07-22,60
5057,5,na,2019-02-25,22
5058,5,M,2018-04-02,44
5059,5,F,2019-02-28,24
5060,5,F,2018-01-16,49
5061,5,F,2017-12-17,51
5062,5,F,2018-03-12,45
5063,5,na,2019-03-01,22
5064,5,M,2018-06-14,40
5065,5,F,2017-09-04,57
5066,5,M,2018-04-16,43
5067,5,na,2017-01-28,42
5068,5,F,2017-08-10,59
5069,5,M,2018-02-16,47
5070,5,F,2018-05-22,41
5071,5,M,2017-12-01,52
5072,5,na,2017-03-02,41
5073,5,F,2017-11-19,52
5074,5,F,2018-02-19,47
5075,5,na,2017-05-17,39
5076,5,F,2018-12-26,28
5077,5,na,2018-02-25,32
5078,5,na,2017-04-14,40
5079,5,F,2017-01-31,70
5080,5,M,2018-09-26,33
5081,5,na,2018-05-15,30
5082,5,M,2017-11-24,52
5083,5,na,2019-02-10,23
5084,5,na,2018-06-03,29
5085,5,M,2017-09-02,57
5086,5,F,2018-07-14,38
5087,5,F,2018-12-24,28
5088,5,F,2018-04-22,43
5089,5,F,2017-08-19,58
5090,5,M,2018-11-14,30
5091,5,na,2017-01-11,42
5092,5,F,2018-08-06,36
5093,5,M,2018-11-07,31
5094,5,M,2017-04-05,66
5095,5,M,2017-09-23,56
5096,5,F,2018-04-08,44
5097,5,na,2017-10-22,35
5098,5,F,2018-10-21,32
5099,5,F,2018-05-15,42
5100,5,M,2017-12-22,50
5101,5,F,2017-01-22,71
5102,5,na,2018-07-13,28
5103,5,M,2017-04-30,65
5104,5,M,2018-08-19,36
5105,5,F,2018-08-08,36
5106,5,F,2019-01-11,27
5107,5,M,2017-10-17,54
5108,5,na,2018-01-20,33
5109,5,F,2017-10-18,54
5110,5,na,2018-12-01,25
5111,5,na,2018-04-02,31
5112,5,M,2017-08-15,58
5113,5,na,2017-01-25,42
5114,5,na,2018-10-02,26
5115,5,na,2017-01-21,42
5116,5,M,2017-08-12,59
5117,5,na,2017-12-27,33
5118,5,F,2019-03-17,23
5119,5,na,2017-03-31,40
5120,5,na,2019-03-20,22
5121,5,F,2018-11-10,30
5122,5,F,2017-05-19,64
5123,5,F,2019-04-02,22
5124,5,M,2017-12-08,51
5125,5,na,2018-05-24,29
5126,5,F,2017-05-10,64
5127,5,F,2018-07-16,38
5128,5,na,2018-02-08,32
5129,5,na,2017-02-01,41
5130,5,na,2017-07-30,37
5131,5,M,2017-04-16,66
5132,5,M,2018-07-29,37
5133,5,na,2017-05-05,39
5134,5,M,2018-12-04,29
5135,5,F,2019-01-18,26
5136,5,M,2019-03-26,22
5137,5,F,2017-06-23,62
5138,5,M,2019-03-08,23
5139,5,na,2017-09-30,35
5140,5,na,2018-11-24,25
5141,5,na,2018-09-16,26
5142,5,na,2019-03-16,22
5143,5,M,2018-01-29,48
5144,5,F,2019-03-03,23
5145,5,F,2018-09-09,34
5146,5,na,2018-10-17,26
5147,5,M,2018-11-27,29
5148,5,F,2018-11-26,29
5149,5,F,2017-06-14,62
5150,5,M,2018-12-11,29
5151,5,na,2017-10-26,35
5152,5,M,2017-05-20,64
5153,5,F,2017-02-23,69
5154,5,na,2018-10-21,26
5155,5,na,2018-08-25,27
5156,5,M,2019-02-19,24
5157,5,M,2017-09-19,56
5158,5,na,2018-05-22,29
5159,5,M,2018-05-27,41
5160,5,F,2018-06-12,40
5161,5,na,2017-04-04,40
5162,5,F,2018-10-27,31
5163,5,na,2018-07-08,28
5164,5,na,2018-08-08,27
5165,5,M,2017-03-02,69
5166,5,M,2018-09-22,33
5167,5,na,2017-08-18,36
5168,5,na,2018-07-30,28
5169,5,F,2018-08-01,37
5170,5,F,2017-02-28,69
5171,5,F,2017-07-16,60
5172,5,F,2017-04-19,66
5173,5,M,2017-04-12,66
5174,5,na,2017-02-09,41
5175,5,M,2017-01-22,71
5176,5,na,2017-05-03,39
5177,5,F,2018-09-23,33
5178,5,na,2017-12-15,33
5179,5,M,2018-08-15,36
5180,5,na,2018-11-19,25
5181,5,M,2017-06-14,62
5182,5,F,2018-11-15,30
5183,5,F,2017-06-25,61
5184,5,M,2019-01-22,26
5185,5,F,2019-03-28,22
5186,5,F,2018-06-25,39
5187,5,F,2018-12-01,29
5188,5,F,2017-10-04,55
5189,5,F,2017-08-26,58
5190,5,M,2018-02-22,47
5191,5,na,2017-03-14,40
5192,5,na,2017-04-19,40
5193,5,F,2018-01-06,49
5194,5,na,2019-03-25,22
5195,5,F,2018-05-17,41
5196,5,na,2017-04-09,40
5197,5,M,2018-08-26,35
5198,5,F,2018-08-17,36
5199,5,na,2018-07-27,28
5200,5,M,2017-06-07,63
5201,5,na,2018-12-10,24
5202,5,na,2017-12-25,33
5203,5,M,2017-06-10,62
5204,5,F,2017-09-02,57
5205,5,na,2019-02-27,22
5206,5,F,2018-04-17,43
5207,5,F,2018-08-22,35
5208,5,M,2019-01-15,26
5209,5,M,2018-03-22,45
5210,5,na,2018-06-05,29
5211,5,na,2018-07-01,28
5212,5,F,2018-01-13,49
5213,5,F,2018-05-08,42
5214,5,M,2017-04-02,67
5215,5,na,2017-04-12,40
5216,5,F,2018-02-05,48
5217,5,M,2018-01-01,50
5218,5,F,2018-07-28,37
5219,5,F,2017-07-07,61
5220,5,F,2017-10-23,54
5221,5,na,2018-10-19,26
5222,5,na,2017-08-04,37
5223,5,na,2017-08-09,37
5224,5,F,2018-12-15,28
5225,5,na,2018-07-25,28
5226,5,na,2018-05-19,29
5227,5,F,2017-09-30,56
5228,5,F,2017-01-06,72
5229,5,F,2018-03-21,45
5230,5,na,2019-03-30,21
5231,5,na,2018-06-17,29
5232,5,na,2017-11-07,34
5233,5,na,2019-01-15,23
5234,5,M,2017-05-27,63
5235,5,M,2017-07-19,60
5236,5,na,2018-03-26,31
5237,5,M,2017-02-09,70
5238,5,na,2018-12-25,24
5239,5,na,2018-10-09,26
5240,5,na,2018-07-20,28
5241,5,F,2017-01-27,71
5242,5,na,2018-09-18,26
5243,5,na,2017-05-13,39
5244,5,F,2017-08-31,57
5245,5,M,2018-07-22,37
5246,5,M,2017-02-16,69
5247,5,na,2018-04-14,30
5248,5,M,2017-03-29,67
5249,5,na,2017-12-06,34
5250,5,M,2018-04-09,44
5251,5,M,2018-08-08,36
5252,5,M,2017-11-28,52
5253,5,M,2017-10-24,54
5254,5,F,2017-05-08,64
5255,5,M,2017-01-08,72
5256,5,na,2017-08-28,36
5257,5,na,2017-02-28,41
5258,5,na,2017-04-02,40
5259,5,F,2017-05-06,65
5260,5,F,2017-12-01,52
5261,5,M,2017-11-17,53
5262,5,F,2017-09-18,56
5263,5,F,2017-08-12,59
5264,5,F,2017-01-15,71
5265,5,na,2018-02-15,32
5266,5,M,2018-04-26,43
5267,5,na,2018-04-26,30
5268,5,F,2019-01-25,26
5269,5,na,2018-03-18,31
5270,5,na,2018-04-28,30
5271,5,F,2017-12-30,50
5272,5,na,2017-07-09,37
5273,5,F,2017-02-19,69
5274,5,M,2018-01-15,49
5275,5,F,2018-09-16,34
5276,5,M,2019-01-05,27
5277,5,na,2018-12-17,24
5278,5,F,2018-03-14,45
5279,5,na,2017-02-04,41
5280,5,F,2018-05-06,42
5281,5,na,2017-12-11,34
5282,5,M,2017-09-26,56
5283,5,M,2017-10-13,55
5284,5,F,2017-10-29,54
5285,5,F,2018-01-11,49
5286,5,M,2018-12-29,27
5287,5,na,2018-05-07,30
5288,5,M,2018-05-13,42
5289,5,M,2017-12-25,50
5290,5,na,2017-03-16,40
5291,5,F,2017-01-29,71
5292,5,F,2017-04-29,65
5293,5,M,2017-09-30,56
5294,5,F,2017-03-30,67
5295,5,na,2017-09-02,36
5296,5,M,2017-07-15,60
5297,5,F,2017-11-12,53
5298,5,M,2017-10-27,54
5299,5,F,2018-05-20,41
5300,5,na,2017-01-16,42
5301,5,M,2018-08-29,35
5302,5,M,2017-01-19,71
5303,5,F,2018-04-27,43
5304,5,F,2017-09-13,57
5305,5,F,2017-02-10,70
5306,5,na,2017-06-27,38
5307,5,M,2017-02-12,70
5308,5,M,2017-04-09,66
5309,5,F,2017-06-16,62
5310,5,M,2018-05-24,41
5311,5,na,2018-04-11,30
5312,5,F,2018-05-01,42
5313,5,M,2017-07-08,61
5314,5,na,2017-11-29,34
5315,5,na,2017-06-13,38
5316,5,F,2017-04-10,66
5317,5,na,2017-01-13,42
5318,5,na,2018-01-27,32
5319,5,na,2018-12-08,24
5320,5,na,2019-04-01,21
5321,5,F,2018-12-22,28
5322,5,M,2017-04-23,65
5323,5,F,2018-03-07,46
5324,5,M,2018-05-10,42
5325,5,na,2018-07-18,28
5326,5,na,2017-09-28,35
5327,5,F,2019-01-23,26
5328,5,na,2018-02-11,32
5329,5,M,2017-09-05,57
5330,5,M,2017-05-03,65
5331,5,F,2018-03-16,45
5332,5,na,2018-04-21,30
5333,5,na,2018-11-12,25
5334,5,M,2018-12-25,28
5335,5,na,2018-01-04,33
5336,5,M,2018-09-15,34
5337,5,na,2018-07-06,28
5338,5,F,2017-08-03,59
5339,5,na,2017-09-18,36
5340,5,na,2018-05-27,29
5341,5,na,2018-12-03,24
5342,5,F,2018-06-21,39
5343,5,M,2019-01-19,26
5344,5,F,2017-04-03,67
5345,5,F,2018-02-24,46
5346,5,na,2018-09-27,26
5347,5,F,2017-12-12,51
5348,5,M,2018-03-19,45
5349,5,M,2017-08-01,59
5350,5,na,2017-06-17,38
5351,5,F,2018-09-28,33
5352,5,na,2019-01-29,23
5353,5,na,2017-07-18,37
5354,5,F,2018-11-03,31
5355,5,M,2018-11-21,30
5356,5,na,2017-10-31,35
5357,5,na,2017-12-18,33
5358,5,F,2017-09-25,56
5359,5,na,2017-11-17,34
5360,5,F,2017-12-26,50
5361,5,M,2017-01-12,72
5362,5,na,2019-03-06,22
5363,5,M,2017-12-18,51
5364,5,F,2017-03-25,67
5365,5,F,2018-04-15,43
5366,5,na,2019-01-08,24
5367,5,na,2018-12-06,24
5368,5,M,2018-03-08,46
5369,5,M,2018-10-27,31
5370,5,na,2017-12-01,34
5371,5,na,2017-12-20,33
5372,5,na,2019-02-06,23
5373,5,M,2017-05-17,64
5374,5,F,2017-04-13,66
5375,5,F,2017-12-03,52
5376,5,M,2017-07-12,60
5377,5,F,2017-02-12,70
5378,5,na,2018-08-13,27
5379,5,F,2017-02-21,69
5380,5,M,2017-08-29,57
5381,5,F,2018-02-01,48
5382,5,na,2018-02-06,32
5383,5,na,2018-07-11,28
5384,5,F,2018-11-06,31
5385,5,M,2018-06-24,39
5386,5,M,2018-12-01,29
5387,5,F,2018-06-23,39
5388,5,na,2018-08-04,28
5389,5,F,2017-07-20,60
5390,5,F,2018-08-10,36
5391,5,F,2017-10-02,55
5392,5,M,2018-10-10,32
5393,5,F,2017-08-17,58
5394,5,na,2018-08-11,27
5395,5,F,2018-02-03,48
5396,5,F,2017-12-24,50
5397,5,na,2017-09-25,35
5398,5,F,2018-07-25,37
5399,5,M,2017-07-26,60
5400,5,M,2019-02-26,24
5401,5,na,2018-09-06,27
5402,5,M,2018-01-19,49
5403,5,na,2017-01-06,42
5404,5,F,2017-03-18,68
5405,5,F,2017-10-27,54
5406,5,na,2018-12-27,24
5407,5,F,2018-06-16,40
5408,5,na,2017-07-16,37
5409,5,F,2017-09-11,57
5410,5,F,2017-06-20,62
5411,5,M,2019-04-05,21
5412,5,F,2018-06-07,40
5413,5,M,2018-07-15,38
5414,5,F,2018-06-09,40
5415,5,M,2019-02-01,25
5416,5,F,2018-11-08,31
5417,5,F,2018-05-13,42
5418,5,M,2018-03-29,44
5419,5,F,2018-05-10,42
5420,5,na,2018-02-27,32
5421,5,na,2018-04-30,30
5422,5,F,2018-02-26,46
5423,5,F,2018-01-04,50
5424,5,F,2017-08-05,59
5425,5,M,2018-09-09,34
5426,5,F,2019-03-30,22
5427,5,F,2017-11-21,52
5428,5,M,2019-01-08,27
5429,5,F,2017-09-16,56
5430,5,na,2018-01-18,33
5431,5,na,2018-03-23,31
5432,5,na,2017-03-28,40
5433,5,na,2017-09-16,36
5434,5,na,2019-01-20,23
5435,5,F,2018-01-09,49
5436,5,na,2017-11-19,34
5437,5,na,2019-04-06,21
5438,5,F,2018-12-08,29
5439,5,F,2017-05-15,64
5440,5,M,2017-02-19,69
5441,5,F,2018-07-23,37
5442,5,na,2018-08-01,28
5443,5,F,2017-09-20,56
5444,5,na,2017-07-06,38
5445,5,na,2019-02-01,23
5446,5,na,2017-03-07,41
5447,5,na,2018-07-04,28
5448,5,na,2018-09-11,27
5449,5,F,2019-01-02,27
5450,5,M,2018-07-05,38
5451,5,F,2018-12-28,27
5452,5,F,2017-10-13,55
5453,5,M,2017-08-26,58
5454,5,na,2019-02-22,22
5455,5,F,2018-07-21,37
5456,5,na,2017-10-14,35
5457,5,M,2017-10-06,55
5458,5,F,2017-05-31,63
5459,5,F,2017-07-23,60
5460,5,M,2018-11-10,30
5461,5,M,2017-05-24,63
5462,5,F,2019-03-05,23
5463,5,F,2018-04-24,43
5464,5,na,2018-06-12,29
5465,5,F,2018-12-12,28
5466,5,F,2018-06-18,39
5467,5,M,2017-07-01,61
5468,5,F,2019-03-26,22
5469,5,F,2017-03-16,68
5470,5,F,2017-10-25,54
5471,5,na,2017-08-25,36
5472,5,na,2017-02-11,41
5473,5,F,2017-05-29,63
5474,5,na,2018-10-07,26
5475,5,na,2018-05-12,30
5476,5,F,2017-10-06,55
5477,5,F,2018-12-17,28
5478,5,M,2018-09-02,35
5479,5,na,2017-02-06,41
5480,5,F,2017-04-24,65
5481,5,na,2018-08-18,27
5482,5,F,2018-10-18,32
5483,5,na,2018-01-01,33
5484,5,na,2017-04-16,40
5485,5,F,2018-11-12,30
5486,5,na,2019-03-13,22
5487,5,na,2018-03-21,31
5488,5,na,2018-05-29,29
5489,5,M,2017-08-08,59
5490,5,M,2019-02-08,25
5491,5,M,2019-01-29,26
5492,5,F,2018-09-11,34
5493,5,F,2017-10-20,54
5494,5,F,2018-11-29,29
5495,5,M,2018-08-12,36
5496,5,F,2018-08-29,35
5497,5,M,2018-10-06,33
5498,5,F,2017-01-18,71
5499,5,F,2018-09-21,34
5500,5,F,2017-01-04,72
5501,5,F,2018-07-07,38
5502,5,M,2018-02-19,47
5503,5,na,2017-10-24,35
5504,5,M,2017-04-26,65
5505,5,F,2019-01-16,26
5506,5,F,2018-10-23,32
5507,5,F,2017-12-05,51
5508,5,F,2018-03-28,44
5509,5,na,2018-11-05,25
5510,5,F,2017-03-21,67
5511,5,M,2018-02-26,46
5512,5,F,2018-04-11,44
5513,5,na,2018-12-29,24
5514,5,M,2017-08-05,59
5515,5,na,2017-07-11,37
5516,5,na,2017-06-20,38
5517,5,na,2018-07-23,28
5518,5,F,2017-02-05,70
5519,5,na,2018-03-16,31
5520,5,F,2019-02-22,24
5521,5,na,2018-09-08,27
5522,5,M,2019-02-22,24
5523,5,na,2019-01-22,23
5524,5,F,2018-05-26,41
5525,5,F,2019-01-20,26
5526,5,M,2018-12-15,28
5527,5,na,2017-06-03,38
5528,5,na,2019-02-20,22
5529,5,F,2017-12-07,51
5530,5,M,2017-03-22,67
5531,5,M,2017-02-23,69
5532,5,M,2018-01-22,48
5533,5,na,2017-12-23,33
5534,5,na,2017-05-08,39
5535,5,F,2017-01-24,71
5536,5,M,2017-02-26,69
5537,5,F,2017-01-11,72
5538,5,M,2018-11-03,31
5539,5,na,2017-09-11,36
5540,5,M,2018-04-19,43
5541,5,F,2018-03-30,44
5542,5,na,2017-10-12,35
5543,5,na,2017-11-10,34
5544,5,M,2018-05-31,41
5545,5,F,2017-03-27,67
5546,5,na,2019-01-06,24
5547,5,M,2017-06-17,62
5548,5,F,2018-05-31,41
5549,5,F,2017-11-03,53
5550,5,na,2018-03-14,31
5551,5,F,2018-02-28,46
5552,5,M,2018-08-22,35
5553,5,F,2018-10-16,32
5554,5,F,2018-04-04,44
5555,5,M,2019-03-19,23
5556,5,M,2018-06-03,40
5557,5,na,2018-06-22,29
5558,5,M,2017-03-09,68
5559,5,na,2017-10-07,35
5560,5,na,2018-05-10,30
5561,5,F,2017-07-30,59
5562,5,na,2018-08-16,27
5563,5,na,2019-01-01,24
5564,5,na,2018-03-09,31
5565,5,na,2018-11-28,25
5566,5,F,2017-11-17,53
5567,5,M,2018-07-01,39
5568,5,na,2017-02-18,41
5569,5,M,2017-01-05,72
5570,5,na,2018-04-09,31
5571,5,F,2017-07-25,60
5572,5,F,2017-04-06,66
5573,5,na,2018-10-14,26
5574,5,F,2018-03-09,46
5575,5,F,2017-01-13,72
5576,5,F,2018-10-04,33
5577,5,na,2017-06-22,38
5578,5,M,2018-10-17,32
5579,5,F,2018-01-25,48
5580,5,na,2017-06-10,38
5581,5,na,2017-07-28,37
5582,5,M,2017-06-28,61
5583,5,F,2018-01-29,48
5584,5,F,2018-06-05,40
5585,5,na,2018-08-06,27
5586,5,M,2018-04-23,43
5587,5,na,2018-04-16,30
5588,5,F,2019-02-24,24
5589,5,F,2017-04-15,66
5590,5,F,2018-04-20,43
5591,5,F,2017-04-26,65
5592,5,na,2018-09-20,26
5593,5,na,2018-05-03,30
5594,5,F,2017-10-09,55
5595,5,na,2018-02-04,32
5596,5,na,2017-08-30,36
5597,5,F,2018-10-30,31
5598,5,na,2017-11-22,34
5599,5,F,2018-01-18,49
5600,5,F,2018-02-08,47
5601,5,M,2017-01-15,71
5602,5,na,2019-03-04,22
5603,5,F,2018-08-03,37
5604,5,M,2017-06-24,62
5605,5,na,2018-07-16,28
5606,5,F,2018-09-25,33
5607,5,na,2018-11-07,25
5608,5,M,2018-07-18,38
5609,5,F,2017-11-15,53
5610,5,F,2019-03-19,23
5611,5,F,2017-05-12,64
5612,5,F,2017-07-18,60
5613,5,F,2018-11-19,30
5614,5,na,2019-01-10,23
5615,5,M,2019-01-01,27
5616,5,na,2017-08-02,37
5617,5,na,2017-11-26,34
5618,5,M,2018-12-22,28
5619,5,M,2017-06-21,62
5620,5,na,2017-01-23,42
5621,5,F,2018-09-05,35
5622,5,F,2017-08-28,58
5623,5,M,2018-07-11,38
5624,5,F,2017-04-22,65
5625,5,F,2019-01-09,27
5626,5,F,2017-02-26,69
5627,5,F,2019-01-27,26
5628,5,F,2017-12-19,51
5629,5,F,2017-06-04,63
5630,5,F,2017-08-24,58
5631,5,na,2018-12-22,24
5632,5,na,2018-09-23,26
5633,5,F,2017-05-24,63
5634,5,F,2018-04-29,42
5635,5,F,2017-11-08,53
5636,5,F,2018-11-24,30
5637,5,F,2018-12-10,29
5638,5,na,2018-05-05,30
5639,5,F,2019-03-07,23
5640,5,na,2017-08-11,37
5641,5,na,2019-02-13,23
5642,5,F,2018-06-28,39
5643,5,M,2018-01-12,49
5644,5,F,2019-02-19,24
5645,5,na,2018-04-18,30
5646,5,M,2018-10-03,33
5647,5,na,2017-01-09,42
5648,5,F,2018-03-19,45
5649,5,M,2017-11-03,53
5650,5,na,2017-04-07,40
5651,5,F,2017-09-07,57
5652,5,F,2018-08-31,35
5653,5,F,2018-03-25,45
5654,5,na,2018-01-15,33
5655,5,na,2018-06-15,29
5656,5,F,2017-03-05,68
5657,5,M,2017-03-26,67
5658,5,F,2018-01-27,48
5659,5,F,2018-09-30,33
5660,5,na,2018-10-28,25
5661,5,F,2017-05-26,63
5662,5,F,2018-09-18,34
5663,5,na,2018-01-08,33
5664,5,F,2018-02-17,47
5665,5,M,2018-09-05,35
5666,5,M,2018-10-20,32
5667,5,na,2017-04-28,39
5668,5,M,2018-04-29,42
5669,5,na,2018-11-21,25
5670,5,na,2018-11-02,25
5671,5,F,2018-12-05,29
5672,5,na,2018-09-30,26
5673,5,F,2018-11-01,31
5674,5,na,2019-03-23,22
5675,5,M,2018-09-12,34
5676,5,F,2018-10-02,33
5677,5,na,2018-02-23,32
5678,5,M,2017-11-21,52
5679,5,F,2018-11-22,30
5680,5,F,2018-11-17,30
5681,5,M,2019-03-05,23
5682,5,F,2018-12-31,27
5683,5,na,2017-09-06,36
5684,5,F,2017-12-21,50
5685,5,na,2017-08-16,37
5686,5,na,2017-10-29,35
5687,5,F,2017-11-28,52
5688,5,M,2018-05-17,41
5689,5,F,2017-02-16,69
5690,5,M,2018-10-24,32
5691,5,F,2017-03-07,68
5692,5,F,2017-05-22,64
5693,5,na,2018-09-13,27
5694,5,na,2017-09-21,36
5695,5,F,2019-03-12,23
5696,5,na,2017-12-13,33
5697,5,F,2017-06-27,61
5698,5,F,2018-06-02,40
5699,5,F,2017-12-28,50
5700,5,F,2017-09-27,56
5701,5,na,2018-08-23,27
5702,5,M,2017-11-07,53
5703,5,F,2019-02-10,25
5704,5,F,2019-04-06,21
5705,5,na,2018-10-26,25
5706,5,F,2017-11-05,53
5707,5,na,2018-01-30,32
5708,5,na,2019-03-09,22
5709,5,na,2019-02-15,23
5710,5,F,2017-04-01,67
5711,5,na,2017-03-09,41
5712,5,F,2017-03-02,69
5713,5,F,2018-05-04,42
5714,5,na,2017-10-03,35
5715,5,F,2017-12-14,51
5716,5,M,2017-09-16,56
5717,5,na,2017-04-26,39
5718,5,F,2019-01-07,27
5719,5,M,2018-04-05,44
5720,5,F,2018-05-29,41
5721,5,M,2017-07-29,59
5722,5,F,2017-03-23,67
5723,5,F,2017-09-09,57
5724,5,F,2018-04-13,43
5725,5,na,2018-02-18,32
5726,5,M,2018-10-31,31
5727,5,na,2018-01-06,33
5728,5,M,2018-05-20,41
5729,5,na,2018-06-19,29
5730,5,na,2017-06-15,38
5731,5,na,2018-03-30,31
5732,5,F,2018-04-01,44
5733,5,M,2018-07-25,37
5734,5,na,2018-01-13,33
5735,5,na,2018-01-23,32
5736,5,na,2017-01-04,42
5737,5,F,2018-07-18,38
5738,5,M,2018-02-12,47
5739,5,na,2017-07-02,38
5740,5,F,2019-03-10,23
5741,5,na,2019-02-17,23
5742,5,F,2017-07-13,60
5743,5,M,2018-06-28,39
5744,5,F,2018-07-09,38
5745,5,M,2018-09-19,34
5746,5,na,2017-07-25,37
5747,5,M,2017-06-03,63
5748,5,F,2018-12-19,28
5749,5,M,2019-02-05,25
5750,5,F,2017-08-15,58
5751,5,na,2018-01-25,32
5752,5,na,2017-08-06,37
5753,5,na,2017-02-16,41
5754,5,na,2018-02-01,32
5755,5,na,2017-06-01,38
5756,5,na,2018-12-13,24
5757,5,F,2017-12-10,51
5758,5,na,2017-11-24,34
5759,5,na,2017-05-01,39
5760,5,M,2018-06-21,39
5761,5,M,2017-04-19,66
5762,5,M,2018-03-15,45
5763,5,na,2017-02-21,41
5764,5,M,2018-08-05,36
5765,5,M,2017-12-05,51
5766,5,F,2017-04-17,66
5767,5,F,2017-05-01,65
5768,5,F,2017-01-20,71
5769,5,na,2019-01-03,24
5770,5,M,2017-02-05,70
5771,5,M,2019-03-22,22
5772,5,F,2017-11-10,53
5773,5,na,2019-02-08,23
5774,5,na,2018-06-10,29
5775,5,M,2018-12-08,29
5776,5,M,2017-05-07,65
5777,5,na,2018-12-15,24
5778,5,F,2017-04-08,66
5779,5,na,2018-05-17,30
5780,5,M,2018-02-09,47
5781,5,M,2018-05-03,42
5782,5,F,2017-02-14,70
5783,5,na,2017-05-29,39
5784,5,F,2018-08-13,36
5785,5,na,2018-01-11,33
5786,5,na,2019-02-03,23
5787,5,na,2018-03-02,31
5788,5,na,2017-08-14,37
5789,5,na,2019-03-28,22
5790,5,F,2018-02-12,47
5791,5,F,2017-06-11,62
5792,5,M,2018-11-24,30
5793,5,na,2017-03-24,40
5794,5,M,2018-09-29,33
5795,5,F,2018-03-02,46
5796,5,M,2018-11-17,30
5797,5,F,2018-07-11,38
5798,5,M,2017-03-05,68
5799,5,na,2018-12-20,24
5800,5,na,2017-03-04,41
5801,5,M,2019-04-02,22
5802,5,na,2017-05-27,39
5803,5,na,2018-06-27,29
5804,5,F,2017-02-03,70
5805,5,na,2017-10-19,35
5806,5,F,2018-08-24,35
5807,5,F,2019-02-05,25
5808,5,M,2019-03-29,22
5809,5,F,2017-08-22,58
5810,5,F,2019-01-30,25
5811,5,na,2018-03-11,31
5812,5,M,2019-03-15,23
5813,5,na,2017-01-30,42
5814,5,na,2017-03-26,40
5815,5,M,2018-04-12,44
5816,5,na,2017-10-10,35
5817,5,F,2017-06-09,62
5818,5,F,2018-02-14,47
5819,5,F,2017-11-26,52
5820,5,na,2018-03-06,31
5821,5,na,2017-02-25,41
5822,5,na,2017-09-04,36
5823,5,M,2018-07-08,38
5824,5,M,2018-10-13,32
5825,5,na,2017-04-21,39
5826,5,F,2019-02-03,25
5827,5,M,2018-02-05,48
5828,5,na,2017-11-05,34
5829,5,F,2017-03-11,68
5830,5,F,2018-09-14,34
5831,5,na,2017-03-12,41
5832,5,F,2018-05-24,41
5833,5,F,2018-10-11,32
5834,5,M,2019-02-15,24
5835,5,M,2018-01-05,50
5836,5,na,2018-06-24,29
5837,5,na,2017-05-24,39
5838,5,F,2019-03-23,22
5839,5,M,2017-05-14,64
5840,5,F,2018-04-06,44
5841,5,M,2019-01-12,27
5842,5,na,2017-05-22,39
5843,5,na,2017-10-17,35
5844,5,na,2019-03-11,22
5845,5,na,2019-04-09,21
5846,5,M,2018-06-07,40
5847,5,F,2018-07-30,37
5848,5,na,2017-07-14,37
5849,5,M,2019-03-12,23
5850,5,M,2017-03-12,68
5851,5,na,2017-10-05,35
5852,5,F,2018-08-26,35
5853,5,M,2017-12-29,50
5854,5,na,2018-11-09,25
5855,5,na,2017-07-04,38
5856,5,na,2018-10-31,25
5857,5,M,2018-06-10,40
5858,5,na,2018-06-07,29
5859,5,F,2017-11-01,54
5860,5,F,2018-12-03,29
5861,5,M,2017-10-03,55
5862,5,na,2017-02-23,41
5863,5,na,2017-12-04,34
5864,5,F,2017-01-08,72
5865,5,na,2018-03-28,31
5866,5,M,2017-10-10,55
5867,5,F,2018-07-02,39
5868,5,F,2018-01-20,49
5869,5,F,2019-01-14,26
5870,5,na,2017-11-12,34
5871,5,na,2017-05-20,39
5872,5,M,2018-03-12,45
5873,5,F,2017-07-09,61
5874,5,na,2018-08-20,27
5875,5,F,2017-06-02,63
5876,5,M,2017-10-31,54
5877,5,F,2017-03-14,68
5878,5,na,2019-01-17,23
5879,5,M,2017-08-19,58
5880,5,M,2018-05-06,42
5881,5,na,2017-08-23,36
5882,5,na,2018-08-30,27
5883,5,na,2017-06-24,38
5884,5,M,2018-03-01,46
5885,5,na,2017-11-03,35
5886,5,M,2017-03-15,68
5887,5,F,2018-01-22,48
5888,5,na,2018-09-25,26
5889,5,na,2017-02-13,41
5890,5,F,2017-07-04,61
5891,5,M,2018-02-02,48
5892,5,na,2017-05-10,39
5893,5,M,2017-07-05,61
5894,5,M,2017-01-29,71
5895,5,F,2018-09-07,34
5896,5,na,2019-01-27,23
5897,5,F,2019-02-15,24
5898,5,F,2018-09-02,35
5899,5,M,2018-12-18,28
5900,5,F,2019-04-04,22
5901,5,F,2019-03-21,22
5902,5,M,2019-01-26,26
5903,5,na,2019-03-18,22
5904,5,F,2019-02-17,24
5905,5,F,2017-05-17,64
5906,5,M,2017-03-19,68
5907,5,na,2017-07-23,37
5908,5,M,2017-01-26,71
5909,5,F,2019-02-12,25
5910,5,na,2018-09-04,27
5911,5,F,2017-08-01,59
5912,5,F,2019-02-01,25
5913,5,na,2017-06-29,38
5914,5,na,2017-03-19,40
5915,5,F,2019-02-26,24
5916,5,F,2017-06-18,62
5917,5,M,2017-09-09,57
5918,5,F,2018-07-05,38
5919,5,na,2017-06-08,38
5920,5,F,2017-07-11,60
5921,5,na,2018-10-24,25
5922,5,M,2018-01-08,49
5923,5,F,2018-10-09,32
5924,5,na,2017-09-23,36
5925,5,F,2017-05-03,65
5926,5,M,2017-05-10,64
5927,5,na,2017-12-08,34
5928,5,na,2019-01-13,23
5929,5,F,2017-07-02,61
5930,5,F,2018-10-14,32
5931,5,na,2017-12-30,33
5932,5,F,2017-03-09,68
5933,5,M,2018-01-26,48
5934,5,F,2019-02-08,25
5935,5,na,2018-11-26,25
5936,5,M,2018-08-01,37
5937,5,F,2017-11-24,52
5938,5,na,2018-10-05,26
5939,5,F,2019-04-09,21
5940,5,M,2017-09-12,57
5941,5,na,2018-09-01,27
5942,5,na,2017-05-15,39
5943,5,F,2018-10-07,33
5944,5,F,2018-10-25,31
5945,5,F,2018-01-02,50
6000,5,na,2017-01-01,39
8000,8,na,2017-01-16,50
8001,8,na,2017-02-06,24
8002,8,na,2017-10-22,27
8003,8,F,2017-01-19,31
8004,8,M,2017-06-01,51
8005,8,F,2017-12-16,52
8006,8,F,2019-02-15,30
8007,8,M,2017-10-06,57
8008,8,F,2018-06-17,30
8009,8,na,2018-06-11,29
8010,8,M,2018-01-30,61
8011,8,F,2018-11-28,36
8012,8,F,2017-06-17,71
8013,8,F,2017-12-05,65
8014,8,na,2019-01-12,28
8015,8,F,2018-05-20,71
8016,8,na,2017-09-19,31
8017,8,na,2018-03-22,25
8018,8,M,2018-03-17,34
8019,8,F,2018-05-15,31
8020,8,F,2017-02-16,55
8021,8,F,2017-07-11,50
8022,8,M,2017-01-24,55
8023,8,M,2017-08-07,30
8024,8,na,2018-01-20,23
8025,8,F,2017-04-02,43
8026,8,M,2018-11-15,60
8027,8,na,2017-04-30,29
8028,8,na,2018-04-04,27
8029,8,M,2018-02-07,41
8030,8,F,2018-08-23,28
8031,8,M,2018-07-24,49
8032,8,M,2017-10-13,63
8033,8,na,2018-09-16,28
8034,8,M,2018-08-24,48
8035,8,na,2018-06-10,27
8036,8,na,2018-12-06,30
8037,8,F,2018-05-07,55
8038,8,M,2017-09-26,52
8039,8,M,2017-06-26,59
8040,8,M,2018-05-16,38
8041,8,F,2019-02-03,60
8042,8,M,2017-07-03,27
8043,8,F,2017-09-23,40
8044,8,M,2018-05-18,69
8045,8,M,2018-05-11,25
8046,8,F,2018-06-05,58
8047,8,F,2017-07-19,49
8048,8,na,2018-08-21,26
8049,8,na,2017-10-29,28
8050,8,F,2018-01-22,61
8051,8,M,2018-01-17,37
8052,8,na,2018-01-07,26
8053,8,M,2018-10-19,41
8054,8,M,2018-11-03,55
8055,8,F,2018-04-21,37
8056,8,F,2018-06-01,58
8057,8,M,2017-02-12,62
8058,8,na,2019-01-10,31
8059,8,M,2018-11-24,58
8060,8,F,2017-01-14,28
8061,8,M,2018-10-03,38
8062,8,F,2017-12-27,59
8063,8,F,2017-01-31,66
8064,8,M,2018-10-26,33
8065,8,M,2018-05-29,27
8066,8,F,2017-06-02,31
8067,8,M,2018-07-29,26
8068,8,na,2017-08-29,30
8069,8,F,2018-09-25,55
8070,8,M,2017-03-04,43
8071,8,F,2018-09-13,70
8072,8,F,2017-10-30,49
8073,8,M,2018-06-16,63
8074,8,na,2018-12-04,33
8075,8,F,2018-09-14,35
8076,8,M,2018-03-03,54
8077,8,F,2017-03-06,48
8078,8,M,2017-07-25,44
8079,8,M,2017-06-06,37
8080,8,F,2018-09-05,43
8081,8,F,2017-06-29,42
8082,8,M,2017-08-17,41
8083,8,F,2017-08-23,32
8084,8,M,2019-01-18,59
8085,8,na,2017-07-13,32
8086,8,M,2018-03-20,39
8087,8,F,2018-10-21,61
8088,8,M,2018-11-02,72
8089,8,na,2018-03-27,22
8090,8,F,2017-04-05,66
8091,8,F,2018-08-09,24
8092,8,F,2018-01-23,31
8093,8,M,2018-05-30,34
8094,8,na,2018-02-20,30
8095,8,F,2017-11-24,45
8096,8,na,2019-03-30,31
8097,8,F,2019-03-04,46
8098,8,F,2017-12-08,54
8099,8,F,2018-03-21,63
8100,8,F,2019-01-26,54
8101,8,F,2018-12-20,48
8102,8,F,2019-02-22,35
8103,8,M,2017-10-23,62
8104,8,na,2017-07-06,30
8105,8,M,2017-08-21,28
8106,8,F,2017-06-23,38
8107,8,na,2018-09-16,27
8108,8,M,2017-09-04,41
8109,8,M,2018-04-25,62
8110,8,M,2017-04-10,71
8111,8,M,2018-01-11,61
8112,8,na,2018-01-26,34
8113,8,M,2017-01-08,24
8114,8,F,2019-03-30,22
8115,8,F,2017-01-09,49
8116,8,F,2017-09-14,55
8117,8,F,2017-06-22,38
8118,8,M,2017-03-17,64
8119,8,F,2018-04-13,53
8120,8,F,2017-10-20,32
8121,8,M,2018-03-25,26
8122,8,F,2017-01-08,24
8123,8,F,2018-06-08,50
8124,8,F,2018-10-23,38
8125,8,F,2018-02-04,48
8126,8,M,2017-06-04,62
8127,8,M,2017-02-08,41
8128,8,na,2018-09-21,29
8129,8,F,2018-02-20,70
8130,8,M,2017-05-21,41
8131,8,M,2017-05-03,51
8132,8,M,2017-08-07,62
8133,8,F,2017-09-19,22
8134,8,F,2017-08-21,27
8135,8,F,2018-12-02,45
8136,8,F,2017-12-17,29
8137,8,M,2019-02-26,65
8138,8,na,2017-05-05,26
8139,8,M,2017-04-24,65
8140,8,M,2017-10-21,57
8141,8,na,2018-10-02,32
8142,8,F,2017-10-31,54
8143,8,na,2018-03-05,30
8144,8,F,2018-02-27,47
8145,8,M,2018-08-26,71
8146,8,na,2017-11-08,23
8147,8,na,2018-04-17,27
8148,8,F,2017-06-14,25
8149,8,na,2018-08-05,26
8150,8,F,2017-10-03,36
8151,8,M,2017-11-22,59
8152,8,F,2017-10-18,50
8153,8,F,2017-12-09,58
8154,8,na,2018-10-18,30
8155,8,F,2017-01-30,35
8156,8,na,2017-06-02,33
8157,8,M,2018-04-16,32
8158,8,F,2018-09-30,35
8159,8,F,2018-09-13,67
8160,8,na,2018-06-18,23
8161,8,na,2017-08-13,27
8162,8,M,2018-12-09,39
8163,8,na,2017-06-27,29
8164,8,M,2019-03-20,45
8165,8,F,2017-10-11,28
8166,8,M,2018-06-06,30
8167,8,M,2018-03-14,69
8168,8,M,2017-05-23,44
8169,8,F,2017-08-07,42
8170,8,F,2018-02-18,72
8171,8,F,2018-08-24,29
8172,8,F,2018-11-24,56
8173,8,F,2018-09-17,22
8174,8,F,2017-11-03,65
8175,8,F,2018-12-22,57
8176,8,M,2017-01-07,65
8177,8,M,2019-04-08,69
8178,8,F,2017-01-09,24
8179,8,M,2018-05-03,65
8180,8,M,2017-11-20,62
8181,8,na,2017-06-11,27
8182,8,M,2018-09-13,30
8183,8,F,2018-06-11,51
8184,8,M,2018-05-06,31
8185,8,na,2018-08-12,25
8186,8,M,2018-12-03,39
8187,8,F,2017-07-24,54
8188,8,F,2018-03-04,59
8189,8,F,2017-11-20,46
8190,8,F,2017-06-02,59
8191,8,M,2018-04-12,37
8192,8,M,2018-01-04,59
8193,8,M,2018-06-16,58
8194,8,F,2017-04-16,52
8195,8,M,2018-05-13,29
8196,8,na,2018-01-26,23
8197,8,M,2017-09-11,26
8198,8,M,2018-11-17,69
8199,8,na,2019-03-09,27
8200,8,F,2019-02-16,35
8201,8,M,2017-03-07,62
8202,8,M,2018-11-09,72
8203,8,na,2019-02-12,22
8204,8,na,2018-07-02,27
8205,8,F,2017-08-16,22
8206,8,F,2018-02-06,36
8207,8,M,2018-06-20,34
8208,8,na,2018-08-27,27
8209,8,F,2018-07-13,42
8210,8,M,2018-01-19,35
8211,8,M,2018-01-07,52
8212,8,M,2018-05-05,31
8213,8,M,2019-04-06,34
8214,8,F,2017-09-20,66
8215,8,M,2018-04-13,63
8216,8,F,2019-02-26,23
8217,8,M,2018-06-09,63
8218,8,F,2017-03-24,55
8219,8,F,2018-10-01,65
8220,8,F,2017-09-29,63
8221,8,F,2017-08-23,39
8222,8,F,2018-12-07,70
8223,8,M,2017-03-27,52
8224,8,M,2017-12-24,71
8225,8,F,2018-06-27,47
8226,8,M,2018-04-06,70
8227,8,M,2019-04-07,70
8228,8,M,2017-01-16,47
8229,8,na,2017-11-14,31
8230,8,na,2019-02-05,32
8231,8,na,2018-07-31,29
8232,8,M,2018-01-24,48
8233,8,na,2017-10-06,28
8234,8,na,2019-03-13,21
8235,8,F,2017-08-18,64
8236,8,M,2018-05-09,51
8237,8,F,2017-06-04,24
8238,8,M,2019-03-19,30
8239,8,na,2018-04-05,25
8240,8,F,2018-03-25,67
8241,8,F,2017-04-04,22
8242,8,M,2018-08-08,34
8243,8,F,2018-05-22,60
8244,8,M,2017-05-11,64
8245,8,na,2018-01-24,25
8246,8,F,2017-03-18,50
8247,8,F,2018-02-23,68
8248,8,na,2017-11-23,29
8249,8,F,2019-02-25,65
8250,8,M,2017-09-08,68
8251,8,F,2017-10-06,46
8252,8,M,2017-09-14,63
8253,8,M,2018-04-05,44
8254,8,F,2017-01-08,55
8255,8,na,2018-05-15,26
8256,8,M,2018-08-16,26
8257,8,M,2018-06-21,41
8258,8,M,2017-05-20,41
8259,8,F,2019-02-13,24
8260,8,M,2018-02-13,37
8261,8,M,2017-10-20,70
8262,8,M,2017-01-23,42
8263,8,F,2018-05-13,34
8264,8,F,2018-01-29,34
8265,8,F,2019-04-08,48
8266,8,M,2018-02-28,70
8267,8,M,2018-09-19,37
8268,8,F,2018-09-28,43
8269,8,F,2017-11-02,61
8270,8,M,2017-06-09,27
8271,8,M,2017-02-05,35
8272,8,na,2018-12-26,31
8273,8,F,2017-12-12,48
8274,8,F,2018-09-17,66
8275,8,F,2017-10-24,25
8276,8,na,2017-03-02,27
8277,8,F,2017-04-16,27
8278,8,M,2017-05-28,49
8279,8,na,2018-07-03,24
8280,8,na,2017-10-24,25
8281,8,F,2018-11-18,69
8282,8,na,2017-07-10,23
8283,8,M,2017-04-15,26
8284,8,M,2018-08-20,52
8285,8,na,2018-10-26,32
8286,8,na,2017-05-29,30
8287,8,M,2017-08-11,55
8288,8,M,2018-01-16,59
8289,8,M,2018-06-01,24
8290,8,M,2017-05-31,33
8291,8,F,2017-04-29,27
8292,8,M,2018-12-12,42
8293,8,M,2018-09-18,64
8294,8,F,2017-01-03,29
8295,8,F,2017-06-12,60
8296,8,M,2017-05-08,23
8297,8,F,2017-11-17,48
8298,8,F,2018-04-06,44
8299,8,F,2018-10-03,46
8300,8,F,2019-04-07,36
8301,8,M,2017-12-07,38
8302,8,F,2019-02-28,64
8303,8,M,2017-03-17,41
8304,8,F,2018-07-27,25
8305,8,M,2018-10-17,28
8306,8,na,2017-03-11,24
8307,8,F,2019-01-30,71
8308,8,M,2017-06-05,60
8309,8,M,2018-12-28,66
8310,8,M,2017-10-09,38
8311,8,F,2017-03-27,55
8312,8,M,2017-11-06,63
8313,8,na,2018-11-08,27
8314,8,na,2017-08-23,22
8315,8,M,2018-09-14,64
8316,8,F,2017-06-03,22
8317,8,F,2018-12-24,23
8318,8,M,2018-12-18,65
8319,8,M,2018-03-14,57
8320,8,na,2018-02-14,27
8321,8,F,2017-04-16,42
8322,8,F,2019-03-21,53
8323,8,F,2017-05-14,33
8324,8,F,2019-01-29,55
8325,8,F,2017-01-15,53
8326,8,na,2017-01-22,24
8327,8,F,2019-01-16,35
8328,8,F,2019-01-08,24
8329,8,F,2019-02-16,67
8330,8,M,2017-06-18,62
8331,8,M,2018-08-26,44
8332,8,M,2019-02-28,37
8333,8,M,2019-02-12,48
8334,8,M,2018-03-29,67
8335,8,M,2018-02-21,56
8336,8,na,2017-11-26,31
8337,8,F,2018-09-17,46
8338,8,F,2019-02-06,22
8339,8,na,2018-04-11,32
8340,8,na,2017-05-05,22
8341,8,M,2017-06-08,49
8342,8,M,2017-11-19,47
8343,8,na,2019-01-19,29
8344,8,na,2018-01-14,34
8345,8,F,2017-01-12,34
8346,8,F,2017-06-04,46
8347,8,F,2017-10-26,67
8348,8,M,2017-06-05,58
8349,8,F,2019-01-13,22
8350,8,M,2017-11-25,65
8351,8,F,2018-01-22,61
8352,8,M,2017-12-12,39
8353,8,na,2017-02-20,28
8354,8,F,2017-03-30,62
8355,8,M,2017-02-14,48
8356,8,M,2018-07-25,54
8357,8,M,2019-01-13,49
8358,8,F,2018-10-24,28
8359,8,F,2017-08-19,43
8360,8,F,2018-10-04,54
8361,8,F,2018-12-15,30
8362,8,M,2019-01-07,57
8363,8,F,2019-03-30,49
8364,8,M,2017-10-21,57
8365,8,M,2018-06-26,50
8366,8,F,2017-07-13,49
8367,8,M,2018-08-05,35
8368,8,F,2017-11-03,35
8369,8,F,2018-05-22,33
8370,8,F,2018-09-10,53
8371,8,F,2017-07-03,60
8372,8,M,2017-01-21,25
8373,8,M,2018-12-05,29
8374,8,M,2018-10-05,33
8375,8,na,2018-05-03,23
8376,8,F,2017-07-03,27
8377,8,na,2017-03-29,25
8378,8,M,2017-04-16,24
8379,8,na,2018-05-09,31
8380,8,F,2018-01-31,69
8381,8,na,2019-03-25,29
8382,8,F,2017-09-10,45
8383,8,F,2018-02-04,36
8384,8,F,2018-02-28,31
8385,8,F,2017-10-27,56
8386,8,M,2018-12-30,69
8387,8,M,2017-12-24,26
8388,8,na,2019-03-05,26
8389,8,na,2017-10-29,22
8390,8,na,2019-01-13,26
8391,8,na,2017-07-20,26
8392,8,F,2017-05-16,28
8393,8,F,2017-07-18,33
8394,8,M,2017-03-31,31
8395,8,na,2018-08-30,23
8396,8,F,2018-12-31,53
8397,8,F,2018-11-09,50
8398,8,F,2017-01-28,31
8399,8,M,2018-08-21,62
8400,8,F,2017-06-27,42
8401,8,M,2019-04-07,68
8402,8,F,2018-12-11,23
8403,8,M,2018-09-07,44
8404,8,F,2018-12-08,55
8405,8,F,2018-01-04,53
8406,8,M,2017-01-16,56
8407,8,F,2018-10-13,42
8408,8,F,2018-01-11,55
8409,8,F,2017-05-08,32
8410,8,F,2018-09-23,60
8411,8,F,2017-09-26,56
8412,8,M,2019-01-08,69
8413,8,na,2018-11-17,28
8414,8,F,2018-06-21,69
8415,8,M,2019-02-06,25
8416,8,F,2018-01-20,33
8417,8,M,2017-09-04,36
8418,8,M,2017-10-31,32
8419,8,M,2019-02-24,24
8420,8,M,2018-06-02,60
8421,8,M,2017-12-05,65
8422,8,F,2018-10-30,26
8423,8,na,2017-08-30,25
8424,8,M,2018-02-25,67
8425,8,na,2017-11-06,30
8426,8,F,2018-03-30,63
8427,8,M,2018-11-21,68
8428,8,M,2019-02-01,58
8429,8,M,2018-06-06,30
8430,8,M,2017-10-03,32
8431,8,M,2017-04-09,56
8432,8,na,2019-01-19,25
8433,8,F,2018-04-02,33
8434,8,F,2017-12-25,48
8435,8,F,2019-02-04,30
8436,8,F,2019-03-21,33
8437,8,F,2019-01-28,70
8438,8,F,2017-02-13,38
8439,8,M,2017-05-25,48
8440,8,F,2018-02-07,65
8441,8,F,2018-02-28,67
8442,8,M,2017-01-13,34
8443,8,F,2018-12-29,59
8444,8,M,2017-11-24,21
8445,8,na,2018-04-29,30
8446,8,M,2018-10-01,31
8447,8,M,2017-05-06,22
8448,8,na,2018-10-18,23
8449,8,F,2017-11-02,30
8450,8,F,2017-05-03,40
8451,8,na,2018-02-01,26
8452,8,F,2019-01-05,64
8453,8,F,2019-02-15,22
8454,8,F,2019-03-21,59
8455,8,na,2017-09-07,24
8456,8,M,2018-04-01,59
8457,8,F,2017-08-25,66
8458,8,F,2018-05-30,63
8459,8,F,2018-04-23,24
8460,8,na,2017-10-04,29
8461,8,M,2018-07-10,67
8462,8,M,2018-04-11,65
8463,8,F,2018-04-09,41
8464,8,M,2018-05-09,69
8465,8,na,2019-01-15,32
8466,8,F,2019-01-23,71
8467,8,M,2017-05-08,61
8468,8,F,2018-11-09,50
8469,8,M,2017-01-07,54
8470,8,F,2017-05-30,45
8471,8,na,2017-05-27,29
8472,8,M,2017-08-15,49
8473,8,F,2017-05-08,52
8474,8,F,2018-01-29,62
8475,8,F,2017-10-28,49
8476,8,M,2018-12-10,68
8477,8,M,2017-06-17,41
8478,8,F,2017-07-30,51
8479,8,F,2017-12-29,32
8480,8,M,2018-12-11,41
8481,8,na,2019-03-22,25
8482,8,F,2019-03-13,58
8483,8,M,2017-01-03,65
8484,8,na,2018-03-29,22
8485,8,F,2018-04-16,62
8486,8,na,2018-05-05,22
8487,8,M,2017-12-27,52
8488,8,F,2019-03-01,69
8489,8,F,2017-11-11,68
8490,8,F,2017-08-18,24
8491,8,F,2017-05-15,65
8492,8,M,2017-12-31,26
8493,8,M,2017-02-27,31
8494,8,F,2018-10-04,24
8495,8,M,2017-01-04,70
8496,8,F,2017-12-18,45
8497,8,F,2017-01-06,45
8498,8,na,2019-01-20,22
8499,8,F,2017-11-09,26
8500,8,na,2017-08-21,32
8501,8,F,2018-07-06,56
8600,8,na,2017-01-01,39
