customer_id,quantity,total,store,gender,since,age
1,127,333.0,3,M,2017-01-04,72
2,313,1021.65,3,M,2017-01-07,72
3,526,2082.15,3,M,2017-01-10,72
4,107,314.75,3,M,2017-01-13,72
5,94,276.0,3,M,2017-01-15,71
6,173,511.8,3,M,2017-01-18,71
7,188,595.1,3,M,2017-01-21,71
8,217,631.05,3,M,2017-01-24,71
9,183,627.15,3,M,2017-01-26,71
10,169,504.2,3,M,2017-01-29,71
11,174,494.35,3,M,2017-02-01,70
12,152,431.25,3,M,2017-02-04,70
13,112,281.4,3,M,2017-02-06,70
14,199,483.7,3,M,2017-02-09,70
15,258,767.65,3,M,2017-02-12,70
16,233,832.25,3,M,2017-02-15,70
17,21,65.1,3,M,2017-02-17,69
18,110,484.15,3,M,2017-02-20,69
19,96,344.2,3,M,2017-02-23,69
20,154,485.0,3,M,2017-02-26,69
21,84,261.0,3,M,2017-02-28,69
22,368,1295.35,3,M,2017-03-03,69
23,138,398.3,3,M,2017-03-06,68
24,214,625.65,3,M,2017-03-09,68
25,185,685.05,3,M,2017-03-11,68
26,362,1119.65,3,M,2017-03-14,68
27,60,185.2,3,M,2017-03-17,68
28,311,1577.25,3,M,2017-03-20,68
29,94,423.0,3,M,2017-03-22,67
30,166,491.0,3,M,2017-03-25,67
31,107,330.0,3,M,2017-03-28,67
32,104,314.75,3,M,2017-03-31,67
33,255,845.85,3,M,2017-04-02,67
34,219,913.75,3,M,2017-04-05,66
35,244,815.85,3,M,2017-04-08,66
36,108,384.0,3,M,2017-04-11,66
37,148,500.3,3,M,2017-04-13,66
38,173,529.15,3,M,2017-04-16,66
39,215,1146.95,3,M,2017-04-19,66
40,197,867.85,3,M,2017-04-22,65
41,212,611.15,3,M,2017-04-25,65
42,239,715.5,3,M,2017-04-27,65
43,168,510.6,3,M,2017-04-30,65
44,182,551.75,3,M,2017-05-03,65
45,93,790.65,3,M,2017-05-06,65
46,236,663.05,3,M,2017-05-08,64
47,176,536.4,3,M,2017-05-11,64
48,242,756.1,3,M,2017-05-14,64
49,116,346.05,3,M,2017-05-17,64
50,158,500.0,3,M,2017-05-19,64
51,151,445.1,3,M,2017-05-22,64
52,206,685.5,3,M,2017-05-25,63
53,281,875.8,3,M,2017-05-28,63
54,179,571.9,3,M,2017-05-30,63
55,168,499.2,3,M,2017-06-02,63
56,140,387.4,3,M,2017-06-05,63
57,182,562.5,3,M,2017-06-08,63
58,261,803.4,3,M,2017-06-10,62
59,146,431.7,3,M,2017-06-13,62
60,206,863.84,3,M,2017-06-16,62
61,152,429.8,3,M,2017-06-19,62
62,153,492.15,3,M,2017-06-21,62
63,144,436.45,3,M,2017-06-24,62
64,210,694.85,3,M,2017-06-27,61
65,280,1160.5,3,M,2017-06-30,61
66,188,648.5,3,M,2017-07-02,61
67,185,609.65,3,M,2017-07-05,61
68,136,442.0,3,M,2017-07-08,61
69,272,917.5,3,M,2017-07-11,61
70,229,757.2,3,M,2017-07-13,60
71,157,591.95,3,M,2017-07-16,60
72,134,350.5,3,M,2017-07-19,60
73,133,407.0,3,M,2017-07-22,60
74,178,435.4,3,M,2017-07-24,60
75,172,488.4,3,M,2017-07-27,60
76,177,519.35,3,M,2017-07-30,59
77,61,157.4,3,M,2017-08-02,59
78,86,270.0,3,M,2017-08-05,59
79,74,234.75,3,M,2017-08-07,59
80,232,681.75,3,M,2017-08-10,59
81,326,856.35,3,M,2017-08-13,58
82,190,647.25,3,M,2017-08-16,58
83,175,556.75,3,M,2017-08-18,58
84,183,555.75,3,M,2017-08-21,58
85,82,272.55,3,M,2017-08-24,58
86,122,366.2,3,M,2017-08-27,58
87,183,527.6,3,M,2017-08-29,57
88,149,432.1,3,M,2017-09-01,57
89,121,372.5,3,M,2017-09-04,57
90,231,709.85,3,M,2017-09-07,57
91,122,463.9,3,M,2017-09-09,57
92,183,528.0,3,M,2017-09-12,57
93,74,246.0,3,M,2017-09-15,56
94,174,578.85,3,M,2017-09-18,56
95,196,573.3,3,M,2017-09-20,56
96,113,323.4,3,M,2017-09-23,56
97,90,286.4,3,M,2017-09-26,56
98,277,905.5,3,M,2017-09-29,56
99,219,730.45,3,M,2017-10-01,55
100,346,1002.3,3,M,2017-10-04,55
101,258,857.9,3,M,2017-10-07,55
102,132,380.0,3,M,2017-10-10,55
103,99,276.25,3,M,2017-10-12,55
104,108,328.0,3,M,2017-10-15,55
105,243,769.95,3,M,2017-10-18,54
106,61,192.15,3,M,2017-10-21,54
107,179,611.55,3,M,2017-10-23,54
108,161,483.6,3,M,2017-10-26,54
109,179,554.85,3,M,2017-10-29,54
110,137,436.15,3,M,2017-11-01,54
111,167,484.5,3,M,2017-11-03,53
112,150,499.5,3,M,2017-11-06,53
113,190,490.5,3,M,2017-11-09,53
114,160,462.1,3,M,2017-11-12,53
115,261,881.5,3,M,2017-11-15,53
116,237,767.0,3,M,2017-11-17,53
117,255,790.15,3,M,2017-11-20,52
118,224,684.0,3,M,2017-11-23,52
119,223,709.2,3,M,2017-11-26,52
120,193,642.0,3,M,2017-11-28,52
121,143,491.2,3,M,2017-12-01,52
122,161,466.5,3,M,2017-12-04,52
123,51,196.2,3,M,2017-12-07,51
124,138,460.95,3,M,2017-12-09,51
125,178,500.15,3,M,2017-12-12,51
126,141,425.25,3,M,2017-12-15,51
127,171,531.55,3,M,2017-12-18,51
128,190,596.1,3,M,2017-12-20,50
129,107,352.5,3,M,2017-12-23,50
130,205,1189.05,3,M,2017-12-26,50
131,207,686.75,3,M,2017-12-29,50
132,117,461.05,3,M,2017-12-31,50
133,207,613.75,3,M,2018-01-03,50
134,175,520.7,3,M,2018-01-06,49
135,251,1179.3,3,M,2018-01-09,49
136,240,736.05,3,M,2018-01-11,49
137,66,212.0,3,M,2018-01-14,49
138,176,533.8,3,M,2018-01-17,49
139,82,257.1,3,M,2018-01-20,49
140,137,437.0,3,M,2018-01-22,48
141,314,945.55,3,M,2018-01-25,48
142,87,251.5,3,M,2018-01-28,48
143,189,624.3,3,M,2018-01-31,48
144,78,264.95,3,M,2018-02-02,48
145,261,807.75,3,M,2018-02-05,48
146,90,294.75,3,M,2018-02-08,47
147,83,243.9,3,M,2018-02-11,47
148,116,303.35,3,M,2018-02-13,47
149,190,521.2,3,M,2018-02-16,47
150,90,262.25,3,M,2018-02-19,47
151,167,489.75,3,M,2018-02-22,47
152,109,378.5,3,M,2018-02-25,46
153,66,192.5,3,M,2018-02-27,46
154,236,683.9,3,M,2018-03-02,46
155,147,405.95,3,M,2018-03-05,46
156,173,608.25,3,M,2018-03-08,46
157,167,520.55,3,M,2018-03-10,46
158,253,763.25,3,M,2018-03-13,45
159,128,425.0,3,M,2018-03-16,45
160,163,452.25,3,M,2018-03-19,45
161,99,251.7,3,M,2018-03-21,45
162,234,609.55,3,M,2018-03-24,45
163,97,288.5,3,M,2018-03-27,45
164,145,400.65,3,M,2018-03-30,44
165,61,191.7,3,M,2018-04-01,44
166,163,509.0,3,M,2018-04-04,44
167,246,810.05,3,M,2018-04-07,44
168,254,654.45,3,M,2018-04-10,44
169,192,596.55,3,M,2018-04-12,44
170,160,752.2,3,M,2018-04-15,43
171,117,377.25,3,M,2018-04-18,43
172,203,557.6,3,M,2018-04-21,43
173,229,766.75,3,M,2018-04-23,43
174,223,671.85,3,M,2018-04-26,43
175,144,467.25,3,M,2018-04-29,42
176,230,797.5,3,M,2018-05-02,42
177,119,323.0,3,M,2018-05-04,42
178,141,380.75,3,M,2018-05-07,42
179,181,562.0,3,M,2018-05-10,42
180,223,684.55,3,M,2018-05-13,42
181,137,447.45,3,M,2018-05-15,41
182,171,531.75,3,M,2018-05-18,41
183,136,497.5,3,M,2018-05-21,41
184,165,591.85,3,M,2018-05-24,41
185,104,300.1,3,M,2018-05-26,41
186,222,750.65,3,M,2018-05-29,41
187,86,254.85,3,M,2018-06-01,40
188,119,531.75,3,M,2018-06-04,40
189,252,933.65,3,M,2018-06-07,40
190,156,451.8,3,M,2018-06-09,40
191,169,554.4,3,M,2018-06-12,40
192,336,958.5,3,M,2018-06-15,40
193,141,624.45,3,M,2018-06-18,39
194,215,865.6,3,M,2018-06-20,39
195,157,450.75,3,M,2018-06-23,39
196,149,392.15,3,M,2018-06-26,39
197,146,497.8,3,M,2018-06-29,39
198,102,479.15,3,M,2018-07-01,39
199,143,411.35,3,M,2018-07-04,38
200,182,556.75,3,M,2018-07-07,38
201,145,396.3,3,M,2018-07-10,38
202,248,899.0,3,M,2018-07-12,38
203,151,489.45,3,M,2018-07-15,38
204,148,561.75,3,M,2018-07-18,38
205,226,666.55,3,M,2018-07-21,37
206,174,532.75,3,M,2018-07-23,37
207,44,150.0,3,M,2018-07-26,37
208,255,696.8,3,M,2018-07-29,37
209,226,702.0,3,M,2018-08-01,37
210,171,530.9,3,M,2018-08-03,37
211,155,510.15,3,M,2018-08-06,36
212,160,510.55,3,M,2018-08-09,36
213,137,509.5,3,M,2018-08-12,36
214,373,1247.5,3,M,2018-08-14,36
215,257,896.4,3,M,2018-08-17,36
216,255,772.85,3,M,2018-08-20,36
217,94,274.0,3,M,2018-08-23,35
218,173,690.55,3,M,2018-08-25,35
219,114,354.2,3,M,2018-08-28,35
220,119,330.5,3,M,2018-08-31,35
221,301,894.15,3,M,2018-09-03,35
222,157,491.45,3,M,2018-09-05,34
223,149,458.25,3,M,2018-09-08,34
224,268,827.8,3,M,2018-09-11,34
225,50,129.5,3,M,2018-09-14,34
226,139,414.4,3,M,2018-09-17,34
227,103,284.2,3,M,2018-09-19,34
228,69,247.5,3,M,2018-09-22,33
229,223,724.1,3,M,2018-09-25,33
230,151,499.2,3,M,2018-09-28,33
231,145,410.3,3,M,2018-09-30,33
232,85,262.1,3,M,2018-10-03,33
233,102,310.7,3,M,2018-10-06,33
234,128,405.0,3,M,2018-10-09,32
235,103,339.4,3,M,2018-10-11,32
236,150,418.45,3,M,2018-10-14,32
237,189,557.5,3,M,2018-10-17,32
238,116,365.85,3,M,2018-10-20,32
239,151,472.7,3,M,2018-10-22,32
240,138,398.65,3,M,2018-10-25,31
241,222,684.2,3,M,2018-10-28,31
242,220,717.9,3,M,2018-10-31,31
243,118,311.2,3,M,2018-11-02,31
244,190,634.0,3,M,2018-11-05,31
245,71,205.5,3,M,2018-11-08,31
246,200,623.55,3,M,2018-11-11,30
247,244,889.4,3,M,2018-11-13,30
248,191,562.8,3,M,2018-11-16,30
249,220,651.6,3,M,2018-11-19,30
250,152,476.0,3,M,2018-11-22,30
251,193,637.0,3,M,2018-11-24,30
252,198,633.5,3,M,2018-11-27,29
253,148,494.65,3,M,2018-11-30,29
254,129,426.0,3,M,2018-12-03,29
255,161,477.7,3,M,2018-12-05,29
256,80,211.5,3,M,2018-12-08,29
257,105,317.7,3,M,2018-12-11,29
258,139,425.65,3,M,2018-12-14,28
259,148,460.9,3,M,2018-12-16,28
260,125,380.15,3,M,2018-12-19,28
261,58,161.25,3,M,2018-12-22,28
262,124,406.0,3,M,2018-12-25,28
263,234,632.3,3,M,2018-12-28,28
264,139,426.55,3,M,2018-12-30,27
265,140,653.35,3,M,2019-01-02,27
266,69,179.3,3,M,2019-01-05,27
267,204,792.5,3,M,2019-01-08,27
268,126,369.75,3,M,2019-01-10,27
269,196,588.2,3,M,2019-01-13,27
270,111,362.5,3,M,2019-01-16,26
271,123,394.2,3,M,2019-01-19,26
272,296,955.3,3,M,2019-01-21,26
273,164,403.0,3,M,2019-01-24,26
274,154,532.6,3,M,2019-01-27,26
275,114,404.25,3,M,2019-01-30,25
276,267,766.05,3,M,2019-02-01,25
277,105,310.6,3,M,2019-02-04,25
278,193,605.5,3,M,2019-02-07,25
279,193,590.2,3,M,2019-02-10,25
280,197,697.25,3,M,2019-02-12,25
281,210,654.25,3,M,2019-02-15,24
282,202,530.9,3,M,2019-02-18,24
283,159,522.55,3,M,2019-02-21,24
284,139,407.3,3,M,2019-02-23,24
285,190,527.2,3,M,2019-02-26,24
286,234,698.6,3,M,2019-03-01,24
287,86,222.6,3,M,2019-03-04,23
288,181,536.3,3,M,2019-03-06,23
289,152,593.4,3,M,2019-03-09,23
290,86,285.0,3,M,2019-03-12,23
291,164,582.05,3,M,2019-03-15,23
292,66,185.9,3,M,2019-03-17,23
293,115,371.75,3,M,2019-03-20,22
294,185,610.05,3,M,2019-03-23,22
295,117,330.3,3,M,2019-03-26,22
296,85,258.5,3,M,2019-03-28,22
297,113,458.5,3,M,2019-03-31,22
298,120,353.1,3,M,2019-04-03,22
299,124,378.0,3,M,2019-04-06,21
300,189,550.7,3,M,2019-04-09,21
301,222,686.6,3,F,2017-01-04,72
302,222,724.7,3,F,2017-01-06,72
303,69,238.5,3,F,2017-01-08,72
304,127,461.2,3,F,2017-01-10,72
305,184,574.1,3,F,2017-01-12,72
306,227,927.25,3,F,2017-01-14,71
307,177,579.6,3,F,2017-01-16,71
308,94,292.65,3,F,2017-01-18,71
309,114,366.5,3,F,2017-01-20,71
310,128,362.75,3,F,2017-01-22,71
311,179,572.0,3,F,2017-01-24,71
312,115,346.3,3,F,2017-01-26,71
313,219,671.45,3,F,2017-01-28,71
314,172,531.3,3,F,2017-01-30,70
315,167,586.8,3,F,2017-02-02,70
316,121,360.5,3,F,2017-02-04,70
317,255,818.3,3,F,2017-02-06,70
318,197,602.85,3,F,2017-02-08,70
319,391,1234.1,3,F,2017-02-10,70
320,342,1071.55,3,F,2017-02-12,70
321,173,569.9,3,F,2017-02-14,70
322,287,819.45,3,F,2017-02-16,69
323,216,630.7,3,F,2017-02-18,69
324,162,457.6,3,F,2017-02-20,69
325,230,743.25,3,F,2017-02-22,69
326,196,578.8,3,F,2017-02-24,69
327,176,558.1,3,F,2017-02-26,69
328,332,1242.3,3,F,2017-02-28,69
329,234,743.35,3,F,2017-03-02,69
330,209,665.75,3,F,2017-03-05,68
331,154,492.25,3,F,2017-03-07,68
332,138,593.0,3,F,2017-03-09,68
333,92,276.75,3,F,2017-03-11,68
334,69,223.0,3,F,2017-03-13,68
335,202,590.2,3,F,2017-03-15,68
336,183,573.25,3,F,2017-03-17,68
337,134,406.45,3,F,2017-03-19,68
338,256,794.2,3,F,2017-03-21,67
339,46,137.0,3,F,2017-03-23,67
340,219,655.6,3,F,2017-03-25,67
341,174,489.7,3,F,2017-03-27,67
342,258,1178.95,3,F,2017-03-29,67
343,124,391.0,3,F,2017-03-31,67
344,220,756.35,3,F,2017-04-02,67
345,99,320.8,3,F,2017-04-05,67
346,162,482.35,3,F,2017-04-07,66
347,204,630.3,3,F,2017-04-09,66
348,33,132.0,3,F,2017-04-11,66
349,42,119.0,3,F,2017-04-13,66
350,155,451.75,3,F,2017-04-15,66
351,151,502.0,3,F,2017-04-17,66
352,191,548.55,3,F,2017-04-19,66
353,135,401.05,3,F,2017-04-21,66
354,118,360.3,3,F,2017-04-23,65
355,240,756.95,3,F,2017-04-25,65
356,182,638.7,3,F,2017-04-27,65
357,86,294.0,3,F,2017-04-29,65
358,104,333.4,3,F,2017-05-01,65
359,22,55.0,3,F,2017-05-03,65
360,138,368.3,3,F,2017-05-06,65
361,255,800.7,3,F,2017-05-08,64
362,91,291.9,3,F,2017-05-10,64
363,78,247.65,3,F,2017-05-12,64
364,149,451.3,3,F,2017-05-14,64
365,48,157.0,3,F,2017-05-16,64
366,56,210.0,3,F,2017-05-18,64
367,90,263.75,3,F,2017-05-20,64
368,146,429.85,3,F,2017-05-22,64
369,106,328.15,3,F,2017-05-24,63
370,159,581.85,3,F,2017-05-26,63
371,120,385.25,3,F,2017-05-28,63
372,103,252.35,3,F,2017-05-30,63
373,72,206.0,3,F,2017-06-01,63
374,170,499.7,3,F,2017-06-03,63
375,83,289.75,3,F,2017-06-06,63
376,130,412.5,3,F,2017-06-08,63
377,151,470.95,3,F,2017-06-10,62
378,212,609.6,3,F,2017-06-12,62
379,148,499.95,3,F,2017-06-14,62
380,58,186.75,3,F,2017-06-16,62
381,298,869.8,3,F,2017-06-18,62
382,140,410.8,3,F,2017-06-20,62
383,156,436.75,3,F,2017-06-22,62
384,228,770.3,3,F,2017-06-24,62
385,40,95.5,3,F,2017-06-26,61
386,109,329.0,3,F,2017-06-28,61
387,142,446.0,3,F,2017-06-30,61
388,263,1185.05,3,F,2017-07-02,61
389,114,397.0,3,F,2017-07-05,61
390,157,460.7,3,F,2017-07-07,61
391,182,512.5,3,F,2017-07-09,61
392,262,731.75,3,F,2017-07-11,61
393,167,601.0,3,F,2017-07-13,60
394,138,865.0,3,F,2017-07-15,60
395,232,639.9,3,F,2017-07-17,60
396,251,870.45,3,F,2017-07-19,60
397,60,149.3,3,F,2017-07-21,60
398,183,555.4,3,F,2017-07-23,60
399,138,463.0,3,F,2017-07-25,60
400,185,778.85,3,F,2017-07-27,60
401,145,401.3,3,F,2017-07-29,59
402,115,374.0,3,F,2017-07-31,59
403,255,753.3,3,F,2017-08-02,59
404,151,390.05,3,F,2017-08-05,59
405,64,187.5,3,F,2017-08-07,59
406,290,831.75,3,F,2017-08-09,59
407,141,457.65,3,F,2017-08-11,59
408,251,896.7,3,F,2017-08-13,58
409,277,831.95,3,F,2017-08-15,58
410,298,884.95,3,F,2017-08-17,58
411,160,441.3,3,F,2017-08-19,58
412,67,194.5,3,F,2017-08-21,58
413,116,368.3,3,F,2017-08-23,58
414,173,594.5,3,F,2017-08-25,58
415,81,248.0,3,F,2017-08-27,58
416,156,549.9,3,F,2017-08-29,57
417,85,274.75,3,F,2017-08-31,57
418,208,665.65,3,F,2017-09-02,57
419,95,286.6,3,F,2017-09-05,57
420,393,1321.25,3,F,2017-09-07,57
421,103,278.3,3,F,2017-09-09,57
422,92,264.05,3,F,2017-09-11,57
423,158,483.85,3,F,2017-09-13,57
424,197,597.05,3,F,2017-09-15,56
425,169,555.25,3,F,2017-09-17,56
426,145,403.55,3,F,2017-09-19,56
427,7,28.0,3,F,2017-09-21,56
428,257,787.2,3,F,2017-09-23,56
429,260,761.0,3,F,2017-09-25,56
430,330,882.45,3,F,2017-09-27,56
431,153,476.15,3,F,2017-09-29,56
432,343,1057.4,3,F,2017-10-01,55
433,174,514.0,3,F,2017-10-03,55
434,149,458.55,3,F,2017-10-06,55
435,173,799.4,3,F,2017-10-08,55
436,103,355.5,3,F,2017-10-10,55
437,322,934.5,3,F,2017-10-12,55
438,272,740.6,3,F,2017-10-14,55
439,129,407.5,3,F,2017-10-16,55
440,248,657.5,3,F,2017-10-18,54
441,162,508.35,3,F,2017-10-20,54
442,75,243.0,3,F,2017-10-22,54
443,76,244.3,3,F,2017-10-24,54
444,185,714.3,3,F,2017-10-26,54
445,38,144.0,3,F,2017-10-28,54
446,284,966.15,3,F,2017-10-30,54
447,266,771.95,3,F,2017-11-01,54
448,200,669.75,3,F,2017-11-03,53
449,160,478.55,3,F,2017-11-06,53
450,160,534.2,3,F,2017-11-08,53
451,90,282.9,3,F,2017-11-10,53
452,93,328.4,3,F,2017-11-12,53
453,125,363.35,3,F,2017-11-14,53
454,72,264.75,3,F,2017-11-16,53
455,67,184.0,3,F,2017-11-18,52
456,295,829.35,3,F,2017-11-20,52
457,63,189.35,3,F,2017-11-22,52
458,119,332.9,3,F,2017-11-24,52
459,130,417.1,3,F,2017-11-26,52
460,64,199.25,3,F,2017-11-28,52
461,198,970.5,3,F,2017-11-30,52
462,93,279.8,3,F,2017-12-02,52
463,165,504.0,3,F,2017-12-05,51
464,112,316.3,3,F,2017-12-07,51
465,240,763.55,3,F,2017-12-09,51
466,152,424.35,3,F,2017-12-11,51
467,142,468.95,3,F,2017-12-13,51
468,81,189.05,3,F,2017-12-15,51
469,152,434.5,3,F,2017-12-17,51
470,98,297.5,3,F,2017-12-19,51
471,90,289.85,3,F,2017-12-21,50
472,167,542.15,3,F,2017-12-23,50
473,203,654.7,3,F,2017-12-25,50
474,98,271.3,3,F,2017-12-27,50
475,128,375.15,3,F,2017-12-29,50
476,250,772.15,3,F,2017-12-31,50
477,190,799.66,3,F,2018-01-02,50
478,86,275.0,3,F,2018-01-05,50
479,169,562.8,3,F,2018-01-07,49
480,130,377.75,3,F,2018-01-09,49
481,241,951.85,3,F,2018-01-11,49
482,195,583.15,3,F,2018-01-13,49
483,184,379.6,3,F,2018-01-15,49
484,104,296.2,3,F,2018-01-17,49
485,175,516.3,3,F,2018-01-19,49
486,123,385.0,3,F,2018-01-21,49
487,131,386.5,3,F,2018-01-23,48
488,48,145.0,3,F,2018-01-25,48
489,88,234.2,3,F,2018-01-27,48
490,183,674.75,3,F,2018-01-29,48
491,175,830.0,3,F,2018-01-31,48
492,92,241.8,3,F,2018-02-02,48
493,271,895.5,3,F,2018-02-05,48
494,88,269.95,3,F,2018-02-07,48
495,200,625.4,3,F,2018-02-09,47
496,150,446.55,3,F,2018-02-11,47
497,191,614.75,3,F,2018-02-13,47
498,128,406.95,3,F,2018-02-15,47
499,83,237.7,3,F,2018-02-17,47
500,295,894.35,3,F,2018-02-19,47
501,171,477.3,3,F,2018-02-21,47
502,251,634.8,3,F,2018-02-23,46
503,319,1113.9,3,F,2018-02-25,46
504,134,540.75,3,F,2018-02-27,46
505,117,375.6,3,F,2018-03-01,46
506,160,512.0,3,F,2018-03-03,46
507,197,775.0,3,F,2018-03-05,46
508,183,493.05,3,F,2018-03-08,46
509,121,364.4,3,F,2018-03-10,46
510,133,407.5,3,F,2018-03-12,45
511,157,631.5,3,F,2018-03-14,45
512,154,490.25,3,F,2018-03-16,45
513,101,300.25,3,F,2018-03-18,45
514,144,454.55,3,F,2018-03-20,45
515,169,446.1,3,F,2018-03-22,45
516,141,344.1,3,F,2018-03-24,45
517,130,411.5,3,F,2018-03-26,45
518,124,416.3,3,F,2018-03-28,44
519,78,241.0,3,F,2018-03-30,44
520,156,674.25,3,F,2018-04-01,44
521,122,326.4,3,F,2018-04-03,44
522,87,239.75,3,F,2018-04-05,44
523,164,605.5,3,F,2018-04-08,44
524,80,240.15,3,F,2018-04-10,44
525,171,540.5,3,F,2018-04-12,44
526,165,1148.5,3,F,2018-04-14,43
527,185,542.4,3,F,2018-04-16,43
528,90,257.5,3,F,2018-04-18,43
529,138,375.65,3,F,2018-04-20,43
530,132,411.0,3,F,2018-04-22,43
531,265,672.3,3,F,2018-04-24,43
532,143,491.55,3,F,2018-04-26,43
533,164,711.15,3,F,2018-04-28,43
534,220,710.9,3,F,2018-04-30,42
535,31,83.0,3,F,2018-05-02,42
536,217,709.15,3,F,2018-05-04,42
537,160,422.85,3,F,2018-05-06,42
538,167,523.7,3,F,2018-05-09,42
539,205,584.6,3,F,2018-05-11,42
540,81,320.94,3,F,2018-05-13,42
541,193,1072.05,3,F,2018-05-15,42
542,188,677.9,3,F,2018-05-17,41
543,78,253.0,3,F,2018-05-19,41
544,176,454.65,3,F,2018-05-21,41
545,142,398.1,3,F,2018-05-23,41
546,196,595.6,3,F,2018-05-25,41
547,252,795.2,3,F,2018-05-27,41
548,447,1327.25,3,F,2018-05-29,41
549,332,1034.65,3,F,2018-05-31,40
550,172,530.1,3,F,2018-06-02,40
551,138,463.0,3,F,2018-06-04,40
552,192,559.5,3,F,2018-06-07,40
553,165,548.5,3,F,2018-06-09,40
554,166,476.4,3,F,2018-06-11,40
555,124,388.6,3,F,2018-06-13,40
556,269,810.55,3,F,2018-06-15,40
557,224,799.7,3,F,2018-06-17,39
558,280,881.75,3,F,2018-06-19,39
559,123,391.9,3,F,2018-06-21,39
560,175,551.0,3,F,2018-06-23,39
561,124,519.15,3,F,2018-06-25,39
562,108,386.5,3,F,2018-06-27,39
563,276,880.3,3,F,2018-06-29,39
564,170,534.15,3,F,2018-07-01,39
565,158,445.95,3,F,2018-07-03,38
566,170,644.5,3,F,2018-07-05,38
567,220,620.2,3,F,2018-07-08,38
568,101,273.5,3,F,2018-07-10,38
569,61,295.5,3,F,2018-07-12,38
570,136,482.7,3,F,2018-07-14,38
571,107,371.5,3,F,2018-07-16,38
572,178,542.75,3,F,2018-07-18,38
573,225,779.25,3,F,2018-07-20,37
574,273,836.9,3,F,2018-07-22,37
575,96,303.3,3,F,2018-07-24,37
576,67,241.0,3,F,2018-07-26,37
577,222,684.55,3,F,2018-07-28,37
578,115,303.9,3,F,2018-07-30,37
579,296,872.85,3,F,2018-08-01,37
580,189,619.05,3,F,2018-08-03,37
581,225,970.0,3,F,2018-08-05,36
582,31,99.75,3,F,2018-08-08,36
583,76,229.6,3,F,2018-08-10,36
584,201,538.05,3,F,2018-08-12,36
585,132,414.9,3,F,2018-08-14,36
586,223,658.45,3,F,2018-08-16,36
587,187,614.05,3,F,2018-08-18,36
588,94,228.1,3,F,2018-08-20,36
589,169,567.1,3,F,2018-08-22,35
590,128,412.1,3,F,2018-08-24,35
591,190,615.0,3,F,2018-08-26,35
592,159,531.75,3,F,2018-08-28,35
593,91,290.7,3,F,2018-08-30,35
594,121,368.9,3,F,2018-09-01,35
595,131,429.25,3,F,2018-09-03,35
596,160,482.4,3,F,2018-09-05,34
597,287,843.35,3,F,2018-09-08,34
598,335,1120.75,3,F,2018-09-10,34
599,274,1233.8,3,F,2018-09-12,34
600,90,274.5,3,F,2018-09-14,34
601,290,928.0,3,F,2018-09-16,34
602,225,593.3,3,F,2018-09-18,34
603,184,698.8,3,F,2018-09-20,34
604,57,147.9,3,F,2018-09-22,33
605,89,400.34,3,F,2018-09-24,33
606,137,543.7,3,F,2018-09-26,33
607,214,642.4,3,F,2018-09-28,33
608,383,1171.0,3,F,2018-09-30,33
609,24,67.5,3,F,2018-10-02,33
610,395,1096.65,3,F,2018-10-04,33
611,117,341.9,3,F,2018-10-06,33
612,277,909.05,3,F,2018-10-09,32
613,185,541.5,3,F,2018-10-11,32
614,62,230.0,3,F,2018-10-13,32
615,131,375.2,3,F,2018-10-15,32
616,167,488.75,3,F,2018-10-17,32
617,135,427.85,3,F,2018-10-19,32
618,95,255.3,3,F,2018-10-21,32
619,114,330.0,3,F,2018-10-23,32
620,110,327.75,3,F,2018-10-25,31
621,194,586.15,3,F,2018-10-27,31
622,148,463.45,3,F,2018-10-29,31
623,32,86.0,3,F,2018-10-31,31
624,184,571.5,3,F,2018-11-02,31
625,207,677.1,3,F,2018-11-04,31
626,105,333.5,3,F,2018-11-07,31
627,179,691.2,3,F,2018-11-09,31
628,222,749.75,3,F,2018-11-11,30
629,171,506.2,3,F,2018-11-13,30
630,43,129.4,3,F,2018-11-15,30
631,169,540.9,3,F,2018-11-17,30
632,139,403.6,3,F,2018-11-19,30
633,162,421.7,3,F,2018-11-21,30
634,303,1140.5,3,F,2018-11-23,30
635,70,225.0,3,F,2018-11-25,30
636,187,522.6,3,F,2018-11-27,29
637,180,545.5,3,F,2018-11-29,29
638,88,238.95,3,F,2018-12-01,29
639,143,450.5,3,F,2018-12-03,29
640,188,612.3,3,F,2018-12-05,29
641,227,717.25,3,F,2018-12-08,29
642,247,829.25,3,F,2018-12-10,29
643,259,1127.25,3,F,2018-12-12,29
644,114,351.05,3,F,2018-12-14,28
645,171,528.0,3,F,2018-12-16,28
646,175,465.25,3,F,2018-12-18,28
647,156,442.2,3,F,2018-12-20,28
648,279,1026.05,3,F,2018-12-22,28
649,151,937.0,3,F,2018-12-24,28
650,206,490.95,3,F,2018-12-26,28
651,249,740.65,3,F,2018-12-28,27
652,233,636.2,3,F,2018-12-30,27
653,192,1084.4,3,F,2019-01-01,27
654,63,209.3,3,F,2019-01-03,27
655,192,583.9,3,F,2019-01-05,27
656,160,606.3,3,F,2019-01-08,27
657,132,425.35,3,F,2019-01-10,27
658,115,378.9,3,F,2019-01-12,27
659,240,696.5,3,F,2019-01-14,26
660,67,264.35,3,F,2019-01-16,26
661,298,810.65,3,F,2019-01-18,26
662,141,425.75,3,F,2019-01-20,26
663,245,766.75,3,F,2019-01-22,26
664,318,1093.2,3,F,2019-01-24,26
665,172,785.7,3,F,2019-01-26,26
666,154,448.7,3,F,2019-01-28,26
667,153,461.5,3,F,2019-01-30,25
668,114,393.8,3,F,2019-02-01,25
669,209,651.1,3,F,2019-02-03,25
670,240,811.8,3,F,2019-02-05,25
671,94,341.0,3,F,2019-02-08,25
672,115,359.8,3,F,2019-02-10,25
673,88,288.5,3,F,2019-02-12,25
674,275,860.4,3,F,2019-02-14,25
675,86,231.5,3,F,2019-02-16,24
676,294,870.5,3,F,2019-02-18,24
677,159,453.1,3,F,2019-02-20,24
678,252,764.05,3,F,2019-02-22,24
679,169,529.9,3,F,2019-02-24,24
680,122,366.45,3,F,2019-02-26,24
681,218,647.05,3,F,2019-02-28,24
682,36,83.7,3,F,2019-03-02,24
683,221,670.1,3,F,2019-03-04,23
684,208,681.0,3,F,2019-03-06,23
685,181,562.0,3,F,2019-03-08,23
686,265,903.05,3,F,2019-03-11,23
687,347,1322.7,3,F,2019-03-13,23
688,246,885.7,3,F,2019-03-15,23
689,198,596.0,3,F,2019-03-17,23
690,93,285.0,3,F,2019-03-19,23
691,172,466.3,3,F,2019-03-21,22
692,196,601.0,3,F,2019-03-23,22
693,202,592.25,3,F,2019-03-25,22
694,138,378.05,3,F,2019-03-27,22
695,273,796.35,3,F,2019-03-29,22
696,96,314.75,3,F,2019-03-31,22
697,323,1024.8,3,F,2019-04-02,22
698,161,550.75,3,F,2019-04-04,21
699,169,444.1,3,F,2019-04-06,21
700,110,353.25,3,F,2019-04-09,21
701,175,429.6,3,na,2017-01-10,72
702,152,481.0,3,na,2017-01-18,71
703,274,932.5,3,na,2017-01-26,71
704,280,961.3,3,na,2017-02-04,70
705,94,272.5,3,na,2017-02-12,70
706,127,401.75,3,na,2017-02-20,69
707,361,1236.65,3,na,2017-02-28,69
708,157,441.3,3,na,2017-03-09,68
709,263,920.05,3,na,2017-03-17,68
710,272,846.15,3,na,2017-03-25,67
711,162,501.4,3,na,2017-04-02,67
712,167,581.75,3,na,2017-04-11,66
713,56,179.0,3,na,2017-04-19,66
714,133,395.0,3,na,2017-04-27,65
715,117,377.1,3,na,2017-05-06,65
716,132,382.25,3,na,2017-05-14,64
717,108,314.45,3,na,2017-05-22,64
718,122,508.9,3,na,2017-05-30,63
719,185,674.45,3,na,2017-06-08,63
720,160,457.9,3,na,2017-06-16,62
721,80,271.3,3,na,2017-06-24,62
722,186,549.0,3,na,2017-07-02,61
723,216,663.45,3,na,2017-07-11,61
724,170,524.5,3,na,2017-07-19,60
725,192,667.55,3,na,2017-07-27,60
726,177,589.1,3,na,2017-08-05,59
727,271,856.1,3,na,2017-08-13,58
728,247,734.85,3,na,2017-08-21,58
729,240,662.1,3,na,2017-08-29,57
730,188,559.6,3,na,2017-09-07,57
731,252,782.9,3,na,2017-09-15,56
732,222,672.15,3,na,2017-09-23,56
733,163,440.45,3,na,2017-10-01,55
734,276,877.6,3,na,2017-10-10,55
735,307,880.95,3,na,2017-10-18,54
736,193,666.7,3,na,2017-10-26,54
737,129,399.55,3,na,2017-11-03,53
738,147,502.0,3,na,2017-11-12,53
739,82,265.0,3,na,2017-11-20,52
740,104,379.05,3,na,2017-11-28,52
741,48,166.0,3,na,2017-12-07,51
742,129,356.45,3,na,2017-12-15,51
743,238,677.35,3,na,2017-12-23,50
744,128,393.25,3,na,2017-12-31,50
745,197,567.2,3,na,2018-01-09,49
746,271,915.6,3,na,2018-01-17,49
747,128,375.5,3,na,2018-01-25,48
748,286,948.7,3,na,2018-02-02,48
749,93,326.25,3,na,2018-02-11,47
750,65,218.5,3,na,2018-02-19,47
751,243,856.5,3,na,2018-02-27,46
752,101,295.75,3,na,2018-03-08,46
753,195,622.35,3,na,2018-03-16,45
754,111,567.95,3,na,2018-03-24,45
755,94,284.4,3,na,2018-04-01,44
756,211,675.6,3,na,2018-04-10,44
757,156,465.0,3,na,2018-04-18,43
758,221,668.7,3,na,2018-04-26,43
759,88,294.75,3,na,2018-05-04,42
760,125,366.9,3,na,2018-05-13,42
761,78,233.0,3,na,2018-05-21,41
762,201,679.85,3,na,2018-05-29,41
763,214,652.5,3,na,2018-06-07,40
764,168,592.75,3,na,2018-06-15,40
765,230,648.85,3,na,2018-06-23,39
766,73,244.5,3,na,2018-07-01,39
767,289,1079.3,3,na,2018-07-10,38
768,186,651.35,3,na,2018-07-18,38
769,232,734.0,3,na,2018-07-26,37
770,96,300.25,3,na,2018-08-03,37
771,132,375.5,3,na,2018-08-12,36
772,165,445.15,3,na,2018-08-20,36
773,259,858.0,3,na,2018-08-28,35
774,151,467.85,3,na,2018-09-05,34
775,110,414.35,3,na,2018-09-14,34
776,257,753.15,3,na,2018-09-22,33
777,195,759.5,3,na,2018-09-30,33
778,160,479.55,3,na,2018-10-09,32
779,196,634.2,3,na,2018-10-17,32
780,83,273.9,3,na,2018-10-25,31
781,159,529.7,3,na,2018-11-02,31
782,68,224.6,3,na,2018-11-11,30
783,72,221.7,3,na,2018-11-19,30
784,161,498.4,3,na,2018-11-27,29
785,194,609.65,3,na,2018-12-05,29
786,123,383.5,3,na,2018-12-14,28
787,118,337.5,3,na,2018-12-22,28
788,128,420.0,3,na,2018-12-30,27
789,180,587.05,3,na,2019-01-08,27
790,204,685.1,3,na,2019-01-16,26
791,167,512.95,3,na,2019-01-24,26
792,43,129.0,3,na,2019-02-01,25
793,142,402.65,3,na,2019-02-10,25
794,220,796.3,3,na,2019-02-18,24
795,227,864.5,3,na,2019-02-26,24
796,193,680.25,3,na,2019-03-06,23
797,133,367.25,3,na,2019-03-15,23
798,257,840.65,3,na,2019-03-23,22
799,175,495.85,3,na,2019-03-31,22
800,139,516.9,3,na,2019-04-09,21
5000,84,251.5,5,M,2017-03-06,40
5001,145,410.65,5,na,2017-06-05,38
5002,191,560.2,5,na,2018-03-04,31
5003,147,444.25,5,na,2018-02-20,32
5004,101,331.7,5,F,2018-06-14,40
5005,177,508.55,5,na,2018-04-23,30
5006,175,518.3,5,na,2018-10-12,26
5007,100,291.8,5,na,2017-04-24,39
5008,81,254.5,5,F,2017-10-16,55
5009,240,772.65,5,M,2019-03-01,24
5010,139,417.75,5,M,2017-08-22,58
5011,74,201.5,5,F,2018-08-15,36
5012,165,697.0,5,F,2017-06-30,61
5013,172,472.05,5,na,2017-08-21,36
5014,171,544.95,5,M,2018-03-26,45
5015,141,425.25,5,F,2017-09-23,56
5016,137,324.35,5,na,2018-11-17,25
5017,151,390.7,5,na,2019-01-25,23
5018,64,186.5,5,F,2017-02-07,70
5019,58,159.0,5,na,2018-04-04,31
5020,243,701.05,5,M,2017-11-10,53
5021,168,463.0,5,F,2018-03-05,46
5022,70,184.5,5,na,2017-09-09,36
5023,172,558.2,5,M,2017-11-14,53
5024,30,73.2,5,na,2017-03-21,40
5025,214,599.5,5,na,2017-01-18,42
5026,377,1826.45,5,M,2017-10-20,54
5027,82,713.5,5,F,2018-08-19,36
5028,115,317.05,5,na,2017-07-21,37
5029,151,478.85,5,M,2019-02-12,25
5030,126,409.5,5,F,2017-08-08,59
5031,73,196.4,5,na,2018-08-27,27
5032,170,546.3,5,F,2018-03-23,45
5033,434,1695.3,5,F,2018-02-10,47
5034,86,193.0,5,F,2017-10-11,55
5035,312,796.35,5,na,2018-04-06,31
5036,111,351.9,5,M,2017-02-02,70
5037,67,196.8,5,F,2019-03-14,23
5038,152,491.0,5,M,2018-06-17,39
5039,158,685.35,5,M,2018-03-05,46
5040,311,891.55,5,na,2018-06-29,28
5041,71,162.6,5,M,2017-12-12,51
5042,170,536.7,5,na,2017-09-14,36
5043,145,392.6,5,M,2017-12-15,51
5044,153,482.5,5,F,2017-07-27,60
5045,175,479.25,5,M,2019-04-09,21
5046,195,524.2,5,na,2017-11-14,34
5047,67,178.9,5,M,2017-05-31,63
5048,120,444.0,5,na,2019-04-04,21
5049,160,708.5,5,na,2018-05-31,29
5050,78,185.9,5,F,2018-06-30,39
5051,69,215.25,5,na,2018-02-13,32
5052,131,333.9,5,F,2018-02-21,47
5053,85,286.7,5,F,2019-01-04,27
5054,142,326.55,5,na,2018-11-14,25
5055,254,664.45,5,F,2017-06-07,63
5056,185,601.1,5,M,2017-07-22,60
5057,267,760.8,5,na,2019-02-25,22
5058,111,512.0,5,M,2018-04-02,44
5059,121,347.25,5,F,2019-02-28,24
5060,146,394.45,5,F,2018-01-16,49
5061,123,371.1,5,F,2017-12-17,51
5062,249,740.95,5,F,2018-03-12,45
5063,98,324.85,5,na,2019-03-01,22
5064,143,471.0,5,M,2018-06-14,40
5065,138,369.4,5,F,2017-09-04,57
5066,82,452.25,5,M,2018-04-16,43
5067,100,311.15,5,na,2017-01-28,42
5068,159,555.8,5,F,2017-08-10,59
5069,149,460.9,5,M,2018-02-16,47
5070,254,704.3,5,F,2018-05-22,41
5071,325,1062.45,5,M,2017-12-01,52
5072,186,637.65,5,na,2017-03-02,41
5073,115,428.65,5,F,2017-11-19,52
5074,160,438.95,5,F,2018-02-19,47
5075,131,422.0,5,na,2017-05-17,39
5076,22,82.5,5,F,2018-12-26,28
5077,190,519.35,5,na,2018-02-25,32
5078,108,377.25,5,na,2017-04-14,40
5079,106,392.2,5,F,2017-01-31,70
5080,83,342.15,5,M,2018-09-26,33
5081,183,686.75,5,na,2018-05-15,30
5082,229,616.45,5,M,2017-11-24,52
5083,325,970.35,5,na,2019-02-10,23
5084,360,1152.05,5,na,2018-06-03,29
5085,256,775.75,5,M,2017-09-02,57
5086,217,577.5,5,F,2018-07-14,38
5087,117,377.6,5,F,2018-12-24,28
5088,141,434.4,5,F,2018-04-22,43
5089,101,290.7,5,F,2017-08-19,58
5090,196,544.36,5,M,2018-11-14,30
5091,334,1654.0,5,na,2017-01-11,42
5092,193,472.8,5,F,2018-08-06,36
5093,162,501.15,5,M,2018-11-07,31
5094,152,408.9,5,M,2017-04-05,66
5095,154,505.1,5,M,2017-09-23,56
5096,183,532.3,5,F,2018-04-08,44
5097,247,802.7,5,na,2017-10-22,35
5098,77,351.95,5,F,2018-10-21,32
5099,97,270.75,5,F,2018-05-15,42
5100,281,883.25,5,M,2017-12-22,50
5101,114,395.5,5,F,2017-01-22,71
5102,145,419.25,5,na,2018-07-13,28
5103,111,304.75,5,M,2017-04-30,65
5104,103,260.3,5,M,2018-08-19,36
5105,87,306.25,5,F,2018-08-08,36
5106,345,939.7,5,F,2019-01-11,27
5107,145,378.9,5,M,2017-10-17,54
5108,168,568.85,5,na,2018-01-20,33
5109,185,472.95,5,F,2017-10-18,54
5110,130,395.6,5,na,2018-12-01,25
5111,158,461.75,5,na,2018-04-02,31
5112,144,664.59,5,M,2017-08-15,58
5113,103,265.9,5,na,2017-01-25,42
5114,102,506.95,5,na,2018-10-02,26
5115,233,580.35,5,na,2017-01-21,42
5116,152,441.55,5,M,2017-08-12,59
5117,84,241.0,5,na,2017-12-27,33
5118,71,195.5,5,F,2019-03-17,23
5119,203,561.95,5,na,2017-03-31,40
5120,208,569.5,5,na,2019-03-20,22
5121,95,325.5,5,F,2018-11-10,30
5122,166,585.5,5,F,2017-05-19,64
5123,174,518.25,5,F,2019-04-02,22
5124,176,746.95,5,M,2017-12-08,51
5125,93,599.45,5,na,2018-05-24,29
5126,131,377.0,5,F,2017-05-10,64
5127,105,357.0,5,F,2018-07-16,38
5128,135,346.8,5,na,2018-02-08,32
5129,139,427.75,5,na,2017-02-01,41
5130,138,695.9,5,na,2017-07-30,37
5131,59,172.6,5,M,2017-04-16,66
5132,176,488.45,5,M,2018-07-29,37
5133,53,183.5,5,na,2017-05-05,39
5134,170,478.7,5,M,2018-12-04,29
5135,135,382.75,5,F,2019-01-18,26
5136,151,490.6,5,M,2019-03-26,22
5137,123,394.0,5,F,2017-06-23,62
5138,145,410.65,5,M,2019-03-08,23
5139,127,339.35,5,na,2017-09-30,35
5140,121,315.4,5,na,2018-11-24,25
5141,174,487.9,5,na,2018-09-16,26
5142,88,252.4,5,na,2019-03-16,22
5143,97,264.65,5,M,2018-01-29,48
5144,280,766.42,5,F,2019-03-03,23
5145,213,713.95,5,F,2018-09-09,34
5146,185,556.75,5,na,2018-10-17,26
5147,12,36.0,5,M,2018-11-27,29
5148,81,255.0,5,F,2018-11-26,29
5149,92,277.2,5,F,2017-06-14,62
5150,166,763.75,5,M,2018-12-11,29
5151,169,461.6,5,na,2017-10-26,35
5152,103,315.55,5,M,2017-05-20,64
5153,82,225.0,5,F,2017-02-23,69
5154,197,579.5,5,na,2018-10-21,26
5155,73,223.05,5,na,2018-08-25,27
5156,64,172.5,5,M,2019-02-19,24
5157,203,562.3,5,M,2017-09-19,56
5158,179,555.7,5,na,2018-05-22,29
5159,167,537.75,5,M,2018-05-27,41
5160,99,268.2,5,F,2018-06-12,40
5161,98,270.8,5,na,2017-04-04,40
5162,149,471.8,5,F,2018-10-27,31
5163,258,747.7,5,na,2018-07-08,28
5164,230,703.2,5,na,2018-08-08,27
5165,98,327.25,5,M,2017-03-02,69
5166,207,661.05,5,M,2018-09-22,33
5167,148,440.95,5,na,2017-08-18,36
5168,136,373.8,5,na,2018-07-30,28
5169,187,552.75,5,F,2018-08-01,37
5170,108,308.35,5,F,2017-02-28,69
5171,209,723.5,5,F,2017-07-16,60
5172,72,263.85,5,F,2017-04-19,66
5173,99,268.2,5,M,2017-04-12,66
5174,242,707.55,5,na,2017-02-09,41
5175,67,311.75,5,M,2017-01-22,71
5176,212,609.7,5,na,2017-05-03,39
5177,114,328.95,5,F,2018-09-23,33
5178,147,531.85,5,na,2017-12-15,33
5179,147,489.9,5,M,2018-08-15,36
5180,224,602.25,5,na,2018-11-19,25
5181,145,484.5,5,M,2017-06-14,62
5182,191,550.55,5,F,2018-11-15,30
5183,67,224.2,5,F,2017-06-25,61
5184,130,368.5,5,M,2019-01-22,26
5185,111,350.0,5,F,2019-03-28,22
5186,120,361.25,5,F,2018-06-25,39
5187,226,730.0,5,F,2018-12-01,29
5188,36,126.0,5,F,2017-10-04,55
5189,114,342.15,5,F,2017-08-26,58
5190,181,553.34,5,M,2018-02-22,47
5191,132,457.5,5,na,2017-03-14,40
5192,190,563.8,5,na,2017-04-19,40
5193,179,529.35,5,F,2018-01-06,49
5194,73,224.5,5,na,2019-03-25,22
5195,162,474.5,5,F,2018-05-17,41
5196,246,877.41,5,na,2017-04-09,40
5197,158,397.6,5,M,2018-08-26,35
5198,165,464.65,5,F,2018-08-17,36
5199,130,556.75,5,na,2018-07-27,28
5200,96,301.55,5,M,2017-06-07,63
5201,192,674.95,5,na,2018-12-10,24
5202,64,189.0,5,na,2017-12-25,33
5203,262,775.2,5,M,2017-06-10,62
5204,168,555.52,5,F,2017-09-02,57
5205,197,636.0,5,na,2019-02-27,22
5206,50,170.0,5,F,2018-04-17,43
5207,152,487.02,5,F,2018-08-22,35
5208,215,692.75,5,M,2019-01-15,26
5209,215,574.85,5,M,2018-03-22,45
5210,163,617.2,5,na,2018-06-05,29
5211,113,340.75,5,na,2018-07-01,28
5212,86,246.8,5,F,2018-01-13,49
5213,282,882.4,5,F,2018-05-08,42
5214,72,238.0,5,M,2017-04-02,67
5215,63,223.5,5,na,2017-04-12,40
5216,117,398.25,5,F,2018-02-05,48
5217,72,232.5,5,M,2018-01-01,50
5218,177,554.75,5,F,2018-07-28,37
5219,93,332.0,5,F,2017-07-07,61
5220,256,749.8,5,F,2017-10-23,54
5221,143,408.75,5,na,2018-10-19,26
5222,218,653.5,5,na,2017-08-04,37
5223,143,482.25,5,na,2017-08-09,37
5224,217,626.15,5,F,2018-12-15,28
5225,294,830.7,5,na,2018-07-25,28
5226,95,293.85,5,na,2018-05-19,29
5227,139,549.8,5,F,2017-09-30,56
5228,302,1142.55,5,F,2017-01-06,72
5229,216,664.6,5,F,2018-03-21,45
5230,128,375.55,5,na,2019-03-30,21
5231,113,372.75,5,na,2018-06-17,29
5232,228,669.05,5,na,2017-11-07,34
5233,185,692.5,5,na,2019-01-15,23
5234,108,270.55,5,M,2017-05-27,63
5235,146,354.5,5,M,2017-07-19,60
5236,160,460.25,5,na,2018-03-26,31
5237,161,391.9,5,M,2017-02-09,70
5238,174,631.1,5,na,2018-12-25,24
5239,85,275.25,5,na,2018-10-09,26
5240,188,489.7,5,na,2018-07-20,28
5241,51,148.75,5,F,2017-01-27,71
5242,157,461.9,5,na,2018-09-18,26
5243,92,305.25,5,na,2017-05-13,39
5244,208,910.45,5,F,2017-08-31,57
5245,243,701.75,5,M,2018-07-22,37
5246,156,523.56,5,M,2017-02-16,69
5247,176,456.7,5,na,2018-04-14,30
5248,80,230.26,5,M,2017-03-29,67
5249,153,480.5,5,na,2017-12-06,34
5250,106,349.5,5,M,2018-04-09,44
5251,82,293.1,5,M,2018-08-08,36
5252,94,304.25,5,M,2017-11-28,52
5253,88,299.2,5,M,2017-10-24,54
5254,87,267.25,5,F,2017-05-08,64
5255,104,349.0,5,M,2017-01-08,72
5256,144,383.35,5,na,2017-08-28,36
5257,231,781.05,5,na,2017-02-28,41
5258,83,239.85,5,na,2017-04-02,40
5259,184,555.85,5,F,2017-05-06,65
5260,94,246.5,5,F,2017-12-01,52
5261,122,419.2,5,M,2017-11-17,53
5262,221,659.6,5,F,2017-09-18,56
5263,118,420.5,5,F,2017-08-12,59
5264,70,299.25,5,F,2017-01-15,71
5265,244,714.85,5,na,2018-02-15,32
5266,102,333.45,5,M,2018-04-26,43
5267,138,383.25,5,na,2018-04-26,30
5268,199,554.4,5,F,2019-01-25,26
5269,170,465.4,5,na,2018-03-18,31
5270,183,495.9,5,na,2018-04-28,30
5271,153,469.3,5,F,2017-12-30,50
5272,213,698.85,5,na,2017-07-09,37
5273,165,478.05,5,F,2017-02-19,69
5274,244,734.3,5,M,2018-01-15,49
5275,150,465.0,5,F,2018-09-16,34
5276,72,243.0,5,M,2019-01-05,27
5277,215,607.9,5,na,2018-12-17,24
5278,150,461.85,5,F,2018-03-14,45
5279,237,668.45,5,na,2017-02-04,41
5280,101,307.5,5,F,2018-05-06,42
5281,208,713.55,5,na,2017-12-11,34
5282,145,457.35,5,M,2017-09-26,56
5283,199,583.55,5,M,2017-10-13,55
5284,197,592.25,5,F,2017-10-29,54
5285,102,312.7,5,F,2018-01-11,49
5286,214,729.95,5,M,2018-12-29,27
5287,143,417.25,5,na,2018-05-07,30
5288,142,441.27,5,M,2018-05-13,42
5289,175,537.75,5,M,2017-12-25,50
5290,209,613.95,5,na,2017-03-16,40
5291,147,394.05,5,F,2017-01-29,71
5292,136,388.0,5,F,2017-04-29,65
5293,180,510.5,5,M,2017-09-30,56
5294,126,408.6,5,F,2017-03-30,67
5295,120,342.7,5,na,2017-09-02,36
5296,126,377.5,5,M,2017-07-15,60
5297,65,239.1,5,F,2017-11-12,53
5298,295,835.35,5,M,2017-10-27,54
5299,63,207.5,5,F,2018-05-20,41
5300,91,277.6,5,na,2017-01-16,42
5301,310,931.95,5,M,2018-08-29,35
5302,131,448.3,5,M,2017-01-19,71
5303,231,841.4,5,F,2018-04-27,43
5304,234,640.0,5,F,2017-09-13,57
5305,109,357.5,5,F,2017-02-10,70
5306,176,514.75,5,na,2017-06-27,38
5307,117,372.3,5,M,2017-02-12,70
5308,100,291.0,5,M,2017-04-09,66
5309,118,342.2,5,F,2017-06-16,62
5310,122,484.5,5,M,2018-05-24,41
5311,146,407.2,5,na,2018-04-11,30
5312,71,203.0,5,F,2018-05-01,42
5313,105,329.75,5,M,2017-07-08,61
5314,166,666.05,5,na,2017-11-29,34
5315,171,612.8,5,na,2017-06-13,38
5316,124,344.85,5,F,2017-04-10,66
5317,101,325.9,5,na,2017-01-13,42
5318,242,681.0,5,na,2018-01-27,32
5319,121,455.25,5,na,2018-12-08,24
5320,169,523.75,5,na,2019-04-01,21
5321,153,487.25,5,F,2018-12-22,28
5322,208,588.65,5,M,2017-04-23,65
5323,140,531.5,5,F,2018-03-07,46
5324,69,223.1,5,M,2018-05-10,42
5325,96,260.75,5,na,2018-07-18,28
5326,170,456.45,5,na,2017-09-28,35
5327,158,742.75,5,F,2019-01-23,26
5328,161,508.5,5,na,2018-02-11,32
5329,158,467.15,5,M,2017-09-05,57
5330,84,241.35,5,M,2017-05-03,65
5331,270,789.15,5,F,2018-03-16,45
5332,207,650.2,5,na,2018-04-21,30
5333,145,401.05,5,na,2018-11-12,25
5334,128,418.3,5,M,2018-12-25,28
5335,128,418.5,5,na,2018-01-04,33
5336,84,258.0,5,M,2018-09-15,34
5337,71,250.25,5,na,2018-07-06,28
5338,88,241.25,5,F,2017-08-03,59
5339,131,613.05,5,na,2017-09-18,36
5340,136,351.6,5,na,2018-05-27,29
5341,150,464.1,5,na,2018-12-03,24
5342,95,308.0,5,F,2018-06-21,39
5343,85,271.0,5,M,2019-01-19,26
5344,186,496.7,5,F,2017-04-03,67
5345,221,670.1,5,F,2018-02-24,46
5346,42,144.3,5,na,2018-09-27,26
5347,305,937.9,5,F,2017-12-12,51
5348,155,410.85,5,M,2018-03-19,45
5349,181,526.55,5,M,2017-08-01,59
5350,120,306.3,5,na,2017-06-17,38
5351,114,368.25,5,F,2018-09-28,33
5352,227,617.75,5,na,2019-01-29,23
5353,92,294.05,5,na,2017-07-18,37
5354,256,1065.85,5,F,2018-11-03,31
5355,270,672.65,5,M,2018-11-21,30
5356,120,387.0,5,na,2017-10-31,35
5357,107,290.9,5,na,2017-12-18,33
5358,88,232.0,5,F,2017-09-25,56
5359,189,729.3,5,na,2017-11-17,34
5360,128,377.0,5,F,2017-12-26,50
5361,137,437.65,5,M,2017-01-12,72
5362,160,398.85,5,na,2019-03-06,22
5363,81,242.95,5,M,2017-12-18,51
5364,102,270.85,5,F,2017-03-25,67
5365,46,161.3,5,F,2018-04-15,43
5366,66,190.8,5,na,2019-01-08,24
5367,117,410.35,5,na,2018-12-06,24
5368,168,494.85,5,M,2018-03-08,46
5369,42,115.0,5,M,2018-10-27,31
5370,130,304.4,5,na,2017-12-01,34
5371,147,627.25,5,na,2017-12-20,33
5372,193,611.25,5,na,2019-02-06,23
5373,143,354.5,5,M,2017-05-17,64
5374,106,249.9,5,F,2017-04-13,66
5375,228,615.55,5,F,2017-12-03,52
5376,194,561.15,5,M,2017-07-12,60
5377,103,348.05,5,F,2017-02-12,70
5378,177,532.85,5,na,2018-08-13,27
5379,121,393.95,5,F,2017-02-21,69
5380,150,429.0,5,M,2017-08-29,57
5381,85,265.6,5,F,2018-02-01,48
5382,158,430.8,5,na,2018-02-06,32
5383,200,599.8,5,na,2018-07-11,28
5384,227,629.55,5,F,2018-11-06,31
5385,95,299.85,5,M,2018-06-24,39
5386,150,473.4,5,M,2018-12-01,29
5387,162,734.0,5,F,2018-06-23,39
5388,197,687.5,5,na,2018-08-04,28
5389,247,622.85,5,F,2017-07-20,60
5390,125,377.25,5,F,2018-08-10,36
5391,215,629.15,5,F,2017-10-02,55
5392,231,668.95,5,M,2018-10-10,32
5393,239,916.0,5,F,2017-08-17,58
5394,55,196.5,5,na,2018-08-11,27
5395,113,367.85,5,F,2018-02-03,48
5396,110,346.25,5,F,2017-12-24,50
5397,154,432.5,5,na,2017-09-25,35
5398,126,459.0,5,F,2018-07-25,37
5399,193,616.85,5,M,2017-07-26,60
5400,178,577.45,5,M,2019-02-26,24
5401,139,399.9,5,na,2018-09-06,27
5402,163,571.3,5,M,2018-01-19,49
5403,171,530.2,5,na,2017-01-06,42
5404,71,231.5,5,F,2017-03-18,68
5405,263,787.95,5,F,2017-10-27,54
5406,115,346.8,5,na,2018-12-27,24
5407,47,140.75,5,F,2018-06-16,40
5408,234,752.35,5,na,2017-07-16,37
5409,111,314.25,5,F,2017-09-11,57
5410,192,625.35,5,F,2017-06-20,62
5411,69,176.25,5,M,2019-04-05,21
5412,284,916.0,5,F,2018-06-07,40
5413,70,185.3,5,M,2018-07-15,38
5414,245,811.65,5,F,2018-06-09,40
5415,121,416.62,5,M,2019-02-01,25
5416,229,761.85,5,F,2018-11-08,31
5417,242,768.4,5,F,2018-05-13,42
5418,145,376.35,5,M,2018-03-29,44
5419,295,1027.98,5,F,2018-05-10,42
5420,139,360.5,5,na,2018-02-27,32
5421,127,388.4,5,na,2018-04-30,30
5422,185,589.8,5,F,2018-02-26,46
5423,78,199.2,5,F,2018-01-04,50
5424,212,625.5,5,F,2017-08-05,59
5425,271,795.5,5,M,2018-09-09,34
5426,163,465.55,5,F,2019-03-30,22
5427,140,445.0,5,F,2017-11-21,52
5428,79,210.9,5,M,2019-01-08,27
5429,188,554.0,5,F,2017-09-16,56
5430,141,424.4,5,na,2018-01-18,33
5431,347,926.3,5,na,2018-03-23,31
5432,181,478.05,5,na,2017-03-28,40
5433,246,683.9,5,na,2017-09-16,36
5434,150,497.9,5,na,2019-01-20,23
5435,223,638.5,5,F,2018-01-09,49
5436,58,149.0,5,na,2017-11-19,34
5437,246,695.15,5,na,2019-04-06,21
5438,167,693.9,5,F,2018-12-08,29
5439,109,403.75,5,F,2017-05-15,64
5440,194,533.6,5,M,2017-02-19,69
5441,157,430.1,5,F,2018-07-23,37
5442,129,459.0,5,na,2018-08-01,28
5443,154,503.5,5,F,2017-09-20,56
5444,76,271.8,5,na,2017-07-06,38
5445,71,240.75,5,na,2019-02-01,23
5446,149,514.75,5,na,2017-03-07,41
5447,163,596.9,5,na,2018-07-04,28
5448,91,297.3,5,na,2018-09-11,27
5449,123,366.5,5,F,2019-01-02,27
5450,87,244.5,5,M,2018-07-05,38
5451,176,499.3,5,F,2018-12-28,27
5452,212,623.75,5,F,2017-10-13,55
5453,173,522.35,5,M,2017-08-26,58
5454,108,324.65,5,na,2019-02-22,22
5455,133,679.5,5,F,2018-07-21,37
5456,149,425.65,5,na,2017-10-14,35
5457,56,138.3,5,M,2017-10-06,55
5458,112,382.6,5,F,2017-05-31,63
5459,143,481.05,5,F,2017-07-23,60
5460,69,277.3,5,M,2018-11-10,30
5461,145,392.85,5,M,2017-05-24,63
5462,122,373.5,5,F,2019-03-05,23
5463,126,456.35,5,F,2018-04-24,43
5464,238,668.65,5,na,2018-06-12,29
5465,206,646.0,5,F,2018-12-12,28
5466,115,355.05,5,F,2018-06-18,39
5467,209,579.25,5,M,2017-07-01,61
5468,219,666.45,5,F,2019-03-26,22
5469,153,495.7,5,F,2017-03-16,68
5470,108,283.0,5,F,2017-10-25,54
5471,213,631.2,5,na,2017-08-25,36
5472,82,227.6,5,na,2017-02-11,41
5473,112,358.25,5,F,2017-05-29,63
5474,80,230.4,5,na,2018-10-07,26
5475,119,395.75,5,na,2018-05-12,30
5476,73,212.8,5,F,2017-10-06,55
5477,100,292.3,5,F,2018-12-17,28
5478,78,229.45,5,M,2018-09-02,35
5479,281,909.65,5,na,2017-02-06,41
5480,219,656.3,5,F,2017-04-24,65
5481,182,530.85,5,na,2018-08-18,27
5482,92,282.05,5,F,2018-10-18,32
5483,171,462.9,5,na,2018-01-01,33
5484,139,384.6,5,na,2017-04-16,40
5485,147,478.15,5,F,2018-11-12,30
5486,115,361.0,5,na,2019-03-13,22
5487,193,556.25,5,na,2018-03-21,31
5488,138,419.55,5,na,2018-05-29,29
5489,162,688.95,5,M,2017-08-08,59
5490,181,468.5,5,M,2019-02-08,25
5491,68,235.0,5,M,2019-01-29,26
5492,214,613.4,5,F,2018-09-11,34
5493,144,452.75,5,F,2017-10-20,54
5494,183,944.95,5,F,2018-11-29,29
5495,38,271.6,5,M,2018-08-12,36
5496,194,891.75,5,F,2018-08-29,35
5497,146,467.5,5,M,2018-10-06,33
5498,237,795.45,5,F,2017-01-18,71
5499,148,413.6,5,F,2018-09-21,34
5500,112,350.5,5,F,2017-01-04,72
5501,81,265.1,5,F,2018-07-07,38
5502,216,703.35,5,M,2018-02-19,47
5503,85,255.0,5,na,2017-10-24,35
5504,224,697.65,5,M,2017-04-26,65
5505,116,281.35,5,F,2019-01-16,26
5506,180,621.5,5,F,2018-10-23,32
5507,146,475.7,5,F,2017-12-05,51
5508,128,379.7,5,F,2018-03-28,44
5509,171,454.55,5,na,2018-11-05,25
5510,182,529.0,5,F,2017-03-21,67
5511,114,332.49,5,M,2018-02-26,46
5512,221,662.85,5,F,2018-04-11,44
5513,109,311.15,5,na,2018-12-29,24
5514,66,250.25,5,M,2017-08-05,59
5515,236,750.45,5,na,2017-07-11,37
5516,159,808.0,5,na,2017-06-20,38
5517,76,243.0,5,na,2018-07-23,28
5518,76,197.6,5,F,2017-02-05,70
5519,93,286.0,5,na,2018-03-16,31
5520,141,446.6,5,F,2019-02-22,24
5521,45,120.6,5,na,2018-09-08,27
5522,152,464.85,5,M,2019-02-22,24
5523,52,121.6,5,na,2019-01-22,23
5524,167,446.75,5,F,2018-05-26,41
5525,96,323.2,5,F,2019-01-20,26
5526,82,230.25,5,M,2018-12-15,28
5527,238,655.05,5,na,2017-06-03,38
5528,192,608.45,5,na,2019-02-20,22
5529,24,72.0,5,F,2017-12-07,51
5530,170,483.3,5,M,2017-03-22,67
5531,139,421.95,5,M,2017-02-23,69
5532,175,415.15,5,M,2018-01-22,48
5533,127,374.3,5,na,2017-12-23,33
5534,100,306.5,5,na,2017-05-08,39
5535,204,614.4,5,F,2017-01-24,71
5536,263,811.05,5,M,2017-02-26,69
5537,120,349.35,5,F,2017-01-11,72
5538,183,842.3,5,M,2018-11-03,31
5539,133,367.15,5,na,2017-09-11,36
5540,78,275.0,5,M,2018-04-19,43
5541,91,271.95,5,F,2018-03-30,44
5542,154,485.49,5,na,2017-10-12,35
5543,109,309.6,5,na,2017-11-10,34
5544,171,499.8,5,M,2018-05-31,41
5545,211,663.9,5,F,2017-03-27,67
5546,124,355.45,5,na,2019-01-06,24
5547,140,493.25,5,M,2017-06-17,62
5548,242,757.6,5,F,2018-05-31,41
5549,52,144.75,5,F,2017-11-03,53
5550,200,642.9,5,na,2018-03-14,31
5551,44,119.0,5,F,2018-02-28,46
5552,66,306.25,5,M,2018-08-22,35
5553,131,743.6,5,F,2018-10-16,32
5554,154,461.75,5,F,2018-04-04,44
5555,58,195.0,5,M,2019-03-19,23
5556,107,313.5,5,M,2018-06-03,40
5557,137,367.75,5,na,2018-06-22,29
5558,80,263.75,5,M,2017-03-09,68
5559,183,503.9,5,na,2017-10-07,35
5560,99,281.7,5,na,2018-05-10,30
5561,65,186.0,5,F,2017-07-30,59
5562,155,514.45,5,na,2018-08-16,27
5563,233,814.15,5,na,2019-01-01,24
5564,189,595.05,5,na,2018-03-09,31
5565,92,276.0,5,na,2018-11-28,25
5566,149,490.0,5,F,2017-11-17,53
5567,115,320.55,5,M,2018-07-01,39
5568,198,588.5,5,na,2017-02-18,41
5569,36,81.6,5,M,2017-01-05,72
5570,201,707.75,5,na,2018-04-09,31
5571,186,596.82,5,F,2017-07-25,60
5572,131,413.4,5,F,2017-04-06,66
5573,170,508.3,5,na,2018-10-14,26
5574,24,102.0,5,F,2018-03-09,46
5575,190,531.85,5,F,2017-01-13,72
5576,222,626.0,5,F,2018-10-04,33
5577,169,517.1,5,na,2017-06-22,38
5578,182,555.1,5,M,2018-10-17,32
5579,96,301.5,5,F,2018-01-25,48
5580,148,498.5,5,na,2017-06-10,38
5581,209,574.45,5,na,2017-07-28,37
5582,88,512.8,5,M,2017-06-28,61
5583,210,545.55,5,F,2018-01-29,48
5584,51,150.25,5,F,2018-06-05,40
5585,177,549.35,5,na,2018-08-06,27
5586,126,535.25,5,M,2018-04-23,43
5587,100,338.15,5,na,2018-04-16,30
5588,105,261.4,5,F,2019-02-24,24
5589,24,72.0,5,F,2017-04-15,66
5590,138,597.35,5,F,2018-04-20,43
5591,92,308.85,5,F,2017-04-26,65
5592,245,727.4,5,na,2018-09-20,26
5593,55,162.9,5,na,2018-05-03,30
5594,157,464.45,5,F,2017-10-09,55
5595,137,446.05,5,na,2018-02-04,32
5596,163,730.6,5,na,2017-08-30,36
5597,184,580.0,5,F,2018-10-30,31
5598,197,1102.9,5,na,2017-11-22,34
5599,85,250.4,5,F,2018-01-18,49
5600,211,596.7,5,F,2018-02-08,47
5601,140,376.8,5,M,2017-01-15,71
5602,107,294.25,5,na,2019-03-04,22
5603,142,422.45,5,F,2018-08-03,37
5604,78,299.0,5,M,2017-06-24,62
5605,116,328.5,5,na,2018-07-16,28
5606,64,179.84,5,F,2018-09-25,33
5607,185,622.45,5,na,2018-11-07,25
5608,172,509.1,5,M,2018-07-18,38
5609,155,485.2,5,F,2017-11-15,53
5610,210,705.25,5,F,2019-03-19,23
5611,269,746.9,5,F,2017-05-12,64
5612,236,624.85,5,F,2017-07-18,60
5613,172,480.8,5,F,2018-11-19,30
5614,47,151.1,5,na,2019-01-10,23
5615,104,309.3,5,M,2019-01-01,27
5616,91,269.9,5,na,2017-08-02,37
5617,183,517.7,5,na,2017-11-26,34
5618,88,230.75,5,M,2018-12-22,28
5619,274,815.1,5,M,2017-06-21,62
5620,231,724.15,5,na,2017-01-23,42
5621,46,134.45,5,F,2018-09-05,35
5622,49,189.6,5,F,2017-08-28,58
5623,200,843.28,5,M,2018-07-11,38
5624,155,432.2,5,F,2017-04-22,65
5625,228,795.2,5,F,2019-01-09,27
5626,92,353.25,5,F,2017-02-26,69
5627,320,909.5,5,F,2019-01-27,26
5628,83,244.6,5,F,2017-12-19,51
5629,163,455.7,5,F,2017-06-04,63
5630,181,596.75,5,F,2017-08-24,58
5631,84,270.25,5,na,2018-12-22,24
5632,222,876.95,5,na,2018-09-23,26
5633,77,227.75,5,F,2017-05-24,63
5634,158,483.5,5,F,2018-04-29,42
5635,107,318.5,5,F,2017-11-08,53
5636,256,768.9,5,F,2018-11-24,30
5637,174,588.35,5,F,2018-12-10,29
5638,104,310.95,5,na,2018-05-05,30
5639,62,181.0,5,F,2019-03-07,23
5640,53,141.2,5,na,2017-08-11,37
5641,175,458.5,5,na,2019-02-13,23
5642,144,555.2,5,F,2018-06-28,39
5643,94,298.75,5,M,2018-01-12,49
5644,188,555.5,5,F,2019-02-19,24
5645,90,348.9,5,na,2018-04-18,30
5646,196,648.5,5,M,2018-10-03,33
5647,118,308.5,5,na,2017-01-09,42
5648,63,226.5,5,F,2018-03-19,45
5649,92,512.0,5,M,2017-11-03,53
5650,92,262.5,5,na,2017-04-07,40
5651,198,652.4,5,F,2017-09-07,57
5652,183,992.1,5,F,2018-08-31,35
5653,125,511.8,5,F,2018-03-25,45
5654,150,476.05,5,na,2018-01-15,33
5655,157,529.05,5,na,2018-06-15,29
5656,204,690.8,5,F,2017-03-05,68
5657,155,408.8,5,M,2017-03-26,67
5658,196,589.0,5,F,2018-01-27,48
5659,48,174.5,5,F,2018-09-30,33
5660,139,418.95,5,na,2018-10-28,25
5661,145,464.55,5,F,2017-05-26,63
5662,211,810.95,5,F,2018-09-18,34
5663,112,338.25,5,na,2018-01-08,33
5664,65,208.7,5,F,2018-02-17,47
5665,101,284.9,5,M,2018-09-05,35
5666,97,303.5,5,M,2018-10-20,32
5667,281,879.7,5,na,2017-04-28,39
5668,9,22.05,5,M,2018-04-29,42
5669,150,476.4,5,na,2018-11-21,25
5670,191,541.25,5,na,2018-11-02,25
5671,198,636.85,5,F,2018-12-05,29
5672,179,596.8,5,na,2018-09-30,26
5673,269,826.05,5,F,2018-11-01,31
5674,236,685.9,5,na,2019-03-23,22
5675,75,238.85,5,M,2018-09-12,34
5676,103,273.8,5,F,2018-10-02,33
5677,223,692.4,5,na,2018-02-23,32
5678,277,829.9,5,M,2017-11-21,52
5679,52,190.0,5,F,2018-11-22,30
5680,90,254.5,5,F,2018-11-17,30
5681,110,628.75,5,M,2019-03-05,23
5682,66,197.3,5,F,2018-12-31,27
5683,127,270.95,5,na,2017-09-06,36
5684,159,455.6,5,F,2017-12-21,50
5685,200,571.1,5,na,2017-08-16,37
5686,103,257.3,5,na,2017-10-29,35
5687,259,862.45,5,F,2017-11-28,52
5688,166,913.2,5,M,2018-05-17,41
5689,109,318.75,5,F,2017-02-16,69
5690,108,361.25,5,M,2018-10-24,32
5691,121,433.5,5,F,2017-03-07,68
5692,123,326.5,5,F,2017-05-22,64
5693,40,260.0,5,na,2018-09-13,27
5694,111,308.9,5,na,2017-09-21,36
5695,160,430.1,5,F,2019-03-12,23
5696,159,498.9,5,na,2017-12-13,33
5697,167,442.9,5,F,2017-06-27,61
5698,96,283.6,5,F,2018-06-02,40
5699,157,592.4,5,F,2017-12-28,50
5700,193,528.3,5,F,2017-09-27,56
5701,151,371.5,5,na,2018-08-23,27
5702,217,686.5,5,M,2017-11-07,53
5703,155,451.7,5,F,2019-02-10,25
5704,349,1059.2,5,F,2019-04-06,21
5705,162,527.25,5,na,2018-10-26,25
5706,68,178.4,5,F,2017-11-05,53
5707,101,324.45,5,na,2018-01-30,32
5708,83,213.8,5,na,2019-03-09,22
5709,163,432.3,5,na,2019-02-15,23
5710,38,119.0,5,F,2017-04-01,67
5711,201,665.35,5,na,2017-03-09,41
5712,156,510.75,5,F,2017-03-02,69
5713,139,371.55,5,F,2018-05-04,42
5714,94,252.6,5,na,2017-10-03,35
5715,112,353.0,5,F,2017-12-14,51
5716,148,473.5,5,M,2017-09-16,56
5717,147,573.75,5,na,2017-04-26,39
5718,93,366.0,5,F,2019-01-07,27
5719,200,574.05,5,M,2018-04-05,44
5720,189,884.4,5,F,2018-05-29,41
5721,169,540.0,5,M,2017-07-29,59
5722,160,478.1,5,F,2017-03-23,67
5723,68,160.4,5,F,2017-09-09,57
5724,167,557.75,5,F,2018-04-13,43
5725,87,231.8,5,na,2018-02-18,32
5726,106,321.5,5,M,2018-10-31,31
5727,157,479.5,5,na,2018-01-06,33
5728,236,744.9,5,M,2018-05-20,41
5729,95,258.0,5,na,2018-06-19,29
5730,83,274.15,5,na,2017-06-15,38
5731,151,468.9,5,na,2018-03-30,31
5732,229,856.0,5,F,2018-04-01,44
5733,74,202.45,5,M,2018-07-25,37
5734,134,550.3,5,na,2018-01-13,33
5735,105,429.25,5,na,2018-01-23,32
5736,107,366.45,5,na,2017-01-04,42
5737,145,459.85,5,F,2018-07-18,38
5738,123,369.35,5,M,2018-02-12,47
5739,263,810.0,5,na,2017-07-02,38
5740,265,797.45,5,F,2019-03-10,23
5741,34,138.5,5,na,2019-02-17,23
5742,81,236.0,5,F,2017-07-13,60
5743,168,465.15,5,M,2018-06-28,39
5744,243,649.6,5,F,2018-07-09,38
5745,178,647.0,5,M,2018-09-19,34
5746,222,618.35,5,na,2017-07-25,37
5747,177,593.15,5,M,2017-06-03,63
5748,81,232.0,5,F,2018-12-19,28
5749,86,240.2,5,M,2019-02-05,25
5750,141,402.95,5,F,2017-08-15,58
5751,145,402.7,5,na,2018-01-25,32
5752,178,522.8,5,na,2017-08-06,37
5753,65,194.05,5,na,2017-02-16,41
5754,244,880.85,5,na,2018-02-01,32
5755,31,177.5,5,na,2017-06-01,38
5756,175,487.5,5,na,2018-12-13,24
5757,174,514.15,5,F,2017-12-10,51
5758,168,545.45,5,na,2017-11-24,34
5759,54,159.6,5,na,2017-05-01,39
5760,174,523.05,5,M,2018-06-21,39
5761,137,428.75,5,M,2017-04-19,66
5762,81,290.0,5,M,2018-03-15,45
5763,109,306.1,5,na,2017-02-21,41
5764,144,469.45,5,M,2018-08-05,36
5765,198,1117.4,5,M,2017-12-05,51
5766,115,317.7,5,F,2017-04-17,66
5767,153,491.5,5,F,2017-05-01,65
5768,150,515.45,5,F,2017-01-20,71
5769,278,1250.25,5,na,2019-01-03,24
5770,128,275.0,5,M,2017-02-05,70
5771,104,313.25,5,M,2019-03-22,22
5772,88,502.0,5,F,2017-11-10,53
5773,70,221.25,5,na,2019-02-08,23
5774,71,185.7,5,na,2018-06-10,29
5775,82,268.5,5,M,2018-12-08,29
5776,284,970.0,5,M,2017-05-07,65
5777,204,636.05,5,na,2018-12-15,24
5778,275,934.2,5,F,2017-04-08,66
5779,114,316.65,5,na,2018-05-17,30
5780,124,306.4,5,M,2018-02-09,47
5781,120,336.7,5,M,2018-05-03,42
5782,199,614.0,5,F,2017-02-14,70
5783,147,530.9,5,na,2017-05-29,39
5784,24,72.0,5,F,2018-08-13,36
5785,243,663.45,5,na,2018-01-11,33
5786,249,813.0,5,na,2019-02-03,23
5787,134,394.6,5,na,2018-03-02,31
5788,53,145.1,5,na,2017-08-14,37
5789,185,577.25,5,na,2019-03-28,22
5790,161,698.65,5,F,2018-02-12,47
5791,189,598.8,5,F,2017-06-11,62
5792,111,327.6,5,M,2018-11-24,30
5793,132,406.6,5,na,2017-03-24,40
5794,143,399.25,5,M,2018-09-29,33
5795,222,634.65,5,F,2018-03-02,46
5796,171,636.95,5,M,2018-11-17,30
5797,132,364.2,5,F,2018-07-11,38
5798,182,511.95,5,M,2017-03-05,68
5799,269,729.5,5,na,2018-12-20,24
5800,84,245.45,5,na,2017-03-04,41
5801,32,95.2,5,M,2019-04-02,22
5802,83,344.8,5,na,2017-05-27,39
5803,151,404.55,5,na,2018-06-27,29
5804,207,653.45,5,F,2017-02-03,70
5805,123,370.8,5,na,2017-10-19,35
5806,222,638.15,5,F,2018-08-24,35
5807,208,633.05,5,F,2019-02-05,25
5808,168,581.75,5,M,2019-03-29,22
5809,133,374.5,5,F,2017-08-22,58
5810,125,358.5,5,F,2019-01-30,25
5811,119,328.8,5,na,2018-03-11,31
5812,114,329.3,5,M,2019-03-15,23
5813,23,64.0,5,na,2017-01-30,42
5814,72,191.6,5,na,2017-03-26,40
5815,163,514.25,5,M,2018-04-12,44
5816,78,244.0,5,na,2017-10-10,35
5817,256,808.7,5,F,2017-06-09,62
5818,213,698.33,5,F,2018-02-14,47
5819,72,224.0,5,F,2017-11-26,52
5820,164,449.5,5,na,2018-03-06,31
5821,191,518.05,5,na,2017-02-25,41
5822,137,422.2,5,na,2017-09-04,36
5823,143,521.5,5,M,2018-07-08,38
5824,217,744.8,5,M,2018-10-13,32
5825,164,576.5,5,na,2017-04-21,39
5826,203,617.6,5,F,2019-02-03,25
5827,295,1316.3,5,M,2018-02-05,48
5828,88,266.0,5,na,2017-11-05,34
5829,294,928.1,5,F,2017-03-11,68
5830,158,578.3,5,F,2018-09-14,34
5831,129,387.0,5,na,2017-03-12,41
5832,229,722.7,5,F,2018-05-24,41
5833,123,363.5,5,F,2018-10-11,32
5834,61,163.8,5,M,2019-02-15,24
5835,159,479.25,5,M,2018-01-05,50
5836,71,241.0,5,na,2018-06-24,29
5837,30,75.0,5,na,2017-05-24,39
5838,54,175.2,5,F,2019-03-23,22
5839,82,250.6,5,M,2017-05-14,64
5840,90,278.25,5,F,2018-04-06,44
5841,76,268.95,5,M,2019-01-12,27
5842,224,779.85,5,na,2017-05-22,39
5843,116,306.85,5,na,2017-10-17,35
5844,70,219.0,5,na,2019-03-11,22
5845,187,499.55,5,na,2019-04-09,21
5846,175,595.9,5,M,2018-06-07,40
5847,296,750.0,5,F,2018-07-30,37
5848,115,320.4,5,na,2017-07-14,37
5849,68,220.0,5,M,2019-03-12,23
5850,137,419.5,5,M,2017-03-12,68
5851,100,291.2,5,na,2017-10-05,35
5852,183,597.6,5,F,2018-08-26,35
5853,156,533.6,5,M,2017-12-29,50
5854,210,801.7,5,na,2018-11-09,25
5855,104,333.75,5,na,2017-07-04,38
5856,83,270.5,5,na,2018-10-31,25
5857,131,386.0,5,M,2018-06-10,40
5858,212,839.75,5,na,2018-06-07,29
5859,68,169.2,5,F,2017-11-01,54
5860,154,574.2,5,F,2018-12-03,29
5861,226,685.95,5,M,2017-10-03,55
5862,135,656.7,5,na,2017-02-23,41
5863,90,315.5,5,na,2017-12-04,34
5864,215,686.75,5,F,2017-01-08,72
5865,132,387.9,5,na,2018-03-28,31
5866,177,676.5,5,M,2017-10-10,55
5867,277,819.95,5,F,2018-07-02,39
5868,88,339.6,5,F,2018-01-20,49
5869,72,209.5,5,F,2019-01-14,26
5870,130,409.05,5,na,2017-11-12,34
5871,182,517.4,5,na,2017-05-20,39
5872,139,480.45,5,M,2018-03-12,45
5873,82,244.75,5,F,2017-07-09,61
5874,181,601.95,5,na,2018-08-20,27
5875,57,215.0,5,F,2017-06-02,63
5876,208,667.0,5,M,2017-10-31,54
5877,112,331.25,5,F,2017-03-14,68
5878,151,436.85,5,na,2019-01-17,23
5879,325,950.7,5,M,2017-08-19,58
5880,218,590.35,5,M,2018-05-06,42
5881,217,657.9,5,na,2017-08-23,36
5882,96,311.2,5,na,2018-08-30,27
5883,222,790.05,5,na,2017-06-24,38
5884,143,434.0,5,M,2018-03-01,46
5885,220,598.05,5,na,2017-11-03,35
5886,156,580.7,5,M,2017-03-15,68
5887,126,457.8,5,F,2018-01-22,48
5888,81,251.0,5,na,2018-09-25,26
5889,97,267.75,5,na,2017-02-13,41
5890,74,245.55,5,F,2017-07-04,61
5891,122,385.4,5,M,2018-02-02,48
5892,140,305.95,5,na,2017-05-10,39
5893,78,250.85,5,M,2017-07-05,61
5894,138,437.8,5,M,2017-01-29,71
5895,188,584.4,5,F,2018-09-07,34
5896,171,475.5,5,na,2019-01-27,23
5897,77,212.5,5,F,2019-02-15,24
5898,89,275.3,5,F,2018-09-02,35
5899,210,695.5,5,M,2018-12-18,28
5900,259,745.55,5,F,2019-04-04,22
5901,190,579.0,5,F,2019-03-21,22
5902,110,333.05,5,M,2019-01-26,26
5903,77,237.1,5,na,2019-03-18,22
5904,146,477.75,5,F,2019-02-17,24
5905,64,253.65,5,F,2017-05-17,64
5906,290,998.95,5,M,2017-03-19,68
5907,104,305.75,5,na,2017-07-23,37
5908,197,620.25,5,M,2017-01-26,71
5909,146,455.65,5,F,2019-02-12,25
5910,109,344.6,5,na,2018-09-04,27
5911,180,543.3,5,F,2017-08-01,59
5912,225,693.95,5,F,2019-02-01,25
5913,113,258.4,5,na,2017-06-29,38
5914,114,337.45,5,na,2017-03-19,40
5915,197,576.85,5,F,2019-02-26,24
5916,161,815.7,5,F,2017-06-18,62
5917,276,811.45,5,M,2017-09-09,57
5918,118,326.35,5,F,2018-07-05,38
5919,209,661.35,5,na,2017-06-08,38
5920,165,477.35,5,F,2017-07-11,60
5921,100,268.5,5,na,2018-10-24,25
5922,147,414.4,5,M,2018-01-08,49
5923,161,474.75,5,F,2018-10-09,32
5924,155,465.7,5,na,2017-09-23,36
5925,176,553.95,5,F,2017-05-03,65
5926,102,440.5,5,M,2017-05-10,64
5927,105,435.5,5,na,2017-12-08,34
5928,280,916.01,5,na,2019-01-13,23
5929,231,648.2,5,F,2017-07-02,61
5930,127,401.1,5,F,2018-10-14,32
5931,157,513.1,5,na,2017-12-30,33
5932,153,493.75,5,F,2017-03-09,68
5933,183,806.85,5,M,2018-01-26,48
5934,153,569.75,5,F,2019-02-08,25
5935,146,389.65,5,na,2018-11-26,25
5936,52,129.3,5,M,2018-08-01,37
5938,111,332.75,5,na,2018-10-05,26
5939,103,259.15,5,F,2019-04-09,21
5940,140,427.6,5,M,2017-09-12,57
5941,221,553.65,5,na,2018-09-01,27
5942,89,319.75,5,na,2017-05-15,39
5943,91,323.4,5,F,2018-10-07,33
5944,249,891.25,5,F,2018-10-25,31
5945,96,247.6,5,F,2018-01-02,50
8000,79,248.0,8,na,2017-01-16,50
8001,200,611.0,8,na,2017-02-06,24
8002,296,810.5,8,na,2017-10-22,27
8003,264,1127.55,8,F,2017-01-19,31
8004,123,425.05,8,M,2017-06-01,51
8005,141,462.7,8,F,2017-12-16,52
8006,218,1106.8,8,F,2019-02-15,30
8007,213,657.5,8,M,2017-10-06,57
8008,244,683.85,8,F,2018-06-17,30
8009,425,1194.15,8,na,2018-06-11,29
8010,221,722.45,8,M,2018-01-30,61
8011,280,846.4,8,F,2018-11-28,36
8012,71,219.0,8,F,2017-06-17,71
8013,340,973.9,8,F,2017-12-05,65
8014,244,762.05,8,na,2019-01-12,28
8015,188,623.35,8,F,2018-05-20,71
8016,184,525.8,8,na,2017-09-19,31
8017,202,838.25,8,na,2018-03-22,25
8018,154,479.8,8,M,2018-03-17,34
8019,406,1281.95,8,F,2018-05-15,31
8020,166,697.5,8,F,2017-02-16,55
8021,211,727.25,8,F,2017-07-11,50
8022,350,1104.25,8,M,2017-01-24,55
8023,189,599.45,8,M,2017-08-07,30
8024,231,689.5,8,na,2018-01-20,23
8025,349,1041.9,8,F,2017-04-02,43
8026,163,497.85,8,M,2018-11-15,60
8027,204,631.1,8,na,2017-04-30,29
8028,122,375.15,8,na,2018-04-04,27
8029,230,679.9,8,M,2018-02-07,41
8030,234,724.55,8,F,2018-08-23,28
8031,169,514.2,8,M,2018-07-24,49
8032,248,952.45,8,M,2017-10-13,63
8033,321,1116.95,8,na,2018-09-16,28
8034,241,671.35,8,M,2018-08-24,48
8035,160,548.9,8,na,2018-06-10,27
8036,328,1219.15,8,na,2018-12-06,30
8037,306,900.05,8,F,2018-05-07,55
8038,55,183.0,8,M,2017-09-26,52
8039,311,1042.45,8,M,2017-06-26,59
8040,197,537.85,8,M,2018-05-16,38
8041,363,1056.1,8,F,2019-02-03,60
8042,328,1131.85,8,M,2017-07-03,27
8043,304,964.65,8,F,2017-09-23,40
8044,230,737.25,8,M,2018-05-18,69
8045,290,878.45,8,M,2018-05-11,25
8046,158,523.5,8,F,2018-06-05,58
8047,112,304.5,8,F,2017-07-19,49
8048,261,1762.25,8,na,2018-08-21,26
8049,215,662.25,8,na,2017-10-29,28
8050,282,862.3,8,F,2018-01-22,61
8051,132,344.7,8,M,2018-01-17,37
8052,262,852.8,8,na,2018-01-07,26
8053,170,510.6,8,M,2018-10-19,41
8054,263,826.3,8,M,2018-11-03,55
8055,143,361.35,8,F,2018-04-21,37
8056,236,871.16,8,F,2018-06-01,58
8057,224,571.8,8,M,2017-02-12,62
8058,258,935.0,8,na,2019-01-10,31
8059,364,1143.75,8,M,2018-11-24,58
8060,292,851.05,8,F,2017-01-14,28
8061,268,820.55,8,M,2018-10-03,38
8062,195,591.95,8,F,2017-12-27,59
8063,149,484.0,8,F,2017-01-31,66
8064,242,915.8,8,M,2018-10-26,33
8065,125,396.7,8,M,2018-05-29,27
8066,320,933.8,8,F,2017-06-02,31
8067,149,491.25,8,M,2018-07-29,26
8068,256,671.45,8,na,2017-08-29,30
8069,290,972.3,8,F,2018-09-25,55
8070,242,773.5,8,M,2017-03-04,43
8071,411,1371.6,8,F,2018-09-13,70
8072,407,1172.35,8,F,2017-10-30,49
8073,238,749.15,8,M,2018-06-16,63
8074,223,783.8,8,na,2018-12-04,33
8075,196,788.95,8,F,2018-09-14,35
8076,275,812.75,8,M,2018-03-03,54
8077,245,701.55,8,F,2017-03-06,48
8078,223,615.95,8,M,2017-07-25,44
8079,298,995.1,8,M,2017-06-06,37
8080,358,1200.45,8,F,2018-09-05,43
8081,249,779.1,8,F,2017-06-29,42
8082,228,607.15,8,M,2017-08-17,41
8083,221,585.8,8,F,2017-08-23,32
8084,50,141.1,8,M,2019-01-18,59
8085,160,440.9,8,na,2017-07-13,32
8086,276,870.7,8,M,2018-03-20,39
8087,189,653.5,8,F,2018-10-21,61
8088,190,552.15,8,M,2018-11-02,72
8089,177,484.9,8,na,2018-03-27,22
8090,160,438.05,8,F,2017-04-05,66
8091,230,650.75,8,F,2018-08-09,24
8092,254,798.95,8,F,2018-01-23,31
8093,192,540.9,8,M,2018-05-30,34
8094,214,632.8,8,na,2018-02-20,30
8095,90,261.05,8,F,2017-11-24,45
8096,275,931.5,8,na,2019-03-30,31
8097,192,608.5,8,F,2019-03-04,46
8098,179,537.75,8,F,2017-12-08,54
8099,291,1340.2,8,F,2018-03-21,63
8100,263,766.15,8,F,2019-01-26,54
8101,450,1315.75,8,F,2018-12-20,48
8102,171,537.2,8,F,2019-02-22,35
8103,84,222.7,8,M,2017-10-23,62
8104,255,781.35,8,na,2017-07-06,30
8105,257,689.95,8,M,2017-08-21,28
8106,260,1157.5,8,F,2017-06-23,38
8107,188,583.05,8,na,2018-09-16,27
8108,157,470.95,8,M,2017-09-04,41
8109,355,1317.45,8,M,2018-04-25,62
8110,233,689.7,8,M,2017-04-10,71
8111,205,721.15,8,M,2018-01-11,61
8112,148,443.8,8,na,2018-01-26,34
8113,286,889.95,8,M,2017-01-08,24
8114,279,984.05,8,F,2019-03-30,22
8115,133,487.75,8,F,2017-01-09,49
8116,93,246.25,8,F,2017-09-14,55
8117,239,699.35,8,F,2017-06-22,38
8118,389,1503.05,8,M,2017-03-17,64
8119,149,485.5,8,F,2018-04-13,53
8120,154,451.85,8,F,2017-10-20,32
8121,317,988.0,8,M,2018-03-25,26
8122,219,988.25,8,F,2017-01-08,24
8123,149,436.7,8,F,2018-06-08,50
8124,322,1259.3,8,F,2018-10-23,38
8125,182,595.2,8,F,2018-02-04,48
8126,173,477.8,8,M,2017-06-04,62
8127,129,417.6,8,M,2017-02-08,41
8128,306,790.95,8,na,2018-09-21,29
8129,260,826.45,8,F,2018-02-20,70
8130,181,656.9,8,M,2017-05-21,41
8131,238,874.8,8,M,2017-05-03,51
8132,155,389.0,8,M,2017-08-07,62
8133,174,557.25,8,F,2017-09-19,22
8134,298,976.2,8,F,2017-08-21,27
8135,188,515.7,8,F,2018-12-02,45
8136,177,634.5,8,F,2017-12-17,29
8137,167,551.2,8,M,2019-02-26,65
8138,291,1365.55,8,na,2017-05-05,26
8139,227,690.9,8,M,2017-04-24,65
8140,222,697.4,8,M,2017-10-21,57
8141,189,655.9,8,na,2018-10-02,32
8142,290,1059.35,8,F,2017-10-31,54
8143,165,534.75,8,na,2018-03-05,30
8144,380,1879.05,8,F,2018-02-27,47
8145,318,920.15,8,M,2018-08-26,71
8146,355,1038.8,8,na,2017-11-08,23
8147,428,1481.45,8,na,2018-04-17,27
8148,272,879.4,8,F,2017-06-14,25
8149,199,533.05,8,na,2018-08-05,26
8150,190,757.65,8,F,2017-10-03,36
8151,170,520.85,8,M,2017-11-22,59
8152,305,1114.05,8,F,2017-10-18,50
8153,129,400.45,8,F,2017-12-09,58
8154,323,1030.8,8,na,2018-10-18,30
8155,172,683.2,8,F,2017-01-30,35
8156,206,776.25,8,na,2017-06-02,33
8157,356,1215.55,8,M,2018-04-16,32
8158,398,1215.9,8,F,2018-09-30,35
8159,319,1045.95,8,F,2018-09-13,67
8160,193,560.2,8,na,2018-06-18,23
8161,299,1026.1,8,na,2017-08-13,27
8162,153,431.2,8,M,2018-12-09,39
8163,206,609.45,8,na,2017-06-27,29
8164,300,959.5,8,M,2019-03-20,45
8165,268,919.25,8,F,2017-10-11,28
8166,262,700.75,8,M,2018-06-06,30
8167,366,1081.2,8,M,2018-03-14,69
8168,121,366.7,8,M,2017-05-23,44
8169,313,912.3,8,F,2017-08-07,42
8170,215,729.1,8,F,2018-02-18,72
8171,157,389.25,8,F,2018-08-24,29
8172,221,697.25,8,F,2018-11-24,56
8173,378,1220.05,8,F,2018-09-17,22
8174,193,606.0,8,F,2017-11-03,65
8175,140,860.0,8,F,2018-12-22,57
8176,284,873.05,8,M,2017-01-07,65
8177,287,829.5,8,M,2019-04-08,69
8178,229,636.8,8,F,2017-01-09,24
8179,250,750.15,8,M,2018-05-03,65
8180,332,990.3,8,M,2017-11-20,62
8181,228,681.25,8,na,2017-06-11,27
8182,245,770.75,8,M,2018-09-13,30
8183,223,641.2,8,F,2018-06-11,51
8184,267,817.1,8,M,2018-05-06,31
8185,325,1158.15,8,na,2018-08-12,25
8186,230,706.5,8,M,2018-12-03,39
8187,234,735.9,8,F,2017-07-24,54
8188,265,947.95,8,F,2018-03-04,59
8189,243,771.95,8,F,2017-11-20,46
8190,244,787.2,8,F,2017-06-02,59
8191,312,1058.95,8,M,2018-04-12,37
8192,323,1244.5,8,M,2018-01-04,59
8193,237,656.55,8,M,2018-06-16,58
8194,109,412.8,8,F,2017-04-16,52
8195,253,746.5,8,M,2018-05-13,29
8196,321,995.35,8,na,2018-01-26,23
8197,231,931.85,8,M,2017-09-11,26
8198,76,226.0,8,M,2018-11-17,69
8199,192,528.3,8,na,2019-03-09,27
8200,261,754.7,8,F,2019-02-16,35
8201,272,836.7,8,M,2017-03-07,62
8202,220,683.05,8,M,2018-11-09,72
8203,69,212.25,8,na,2019-02-12,22
8204,145,458.2,8,na,2018-07-02,27
8205,206,621.75,8,F,2017-08-16,22
8206,295,1001.4,8,F,2018-02-06,36
8207,156,476.1,8,M,2018-06-20,34
8208,265,884.2,8,na,2018-08-27,27
8209,231,731.95,8,F,2018-07-13,42
8210,238,765.5,8,M,2018-01-19,35
8211,187,575.15,8,M,2018-01-07,52
8212,232,873.3,8,M,2018-05-05,31
8213,251,851.65,8,M,2019-04-06,34
8214,200,661.75,8,F,2017-09-20,66
8215,132,419.0,8,M,2018-04-13,63
8216,149,410.2,8,F,2019-02-26,23
8217,219,638.0,8,M,2018-06-09,63
8218,281,821.2,8,F,2017-03-24,55
8219,286,830.05,8,F,2018-10-01,65
8220,280,796.45,8,F,2017-09-29,63
8221,289,775.4,8,F,2017-08-23,39
8222,285,859.2,8,F,2018-12-07,70
8223,261,909.8,8,M,2017-03-27,52
8224,270,903.4,8,M,2017-12-24,71
8225,348,1234.5,8,F,2018-06-27,47
8226,401,1277.45,8,M,2018-04-06,70
8227,236,1293.45,8,M,2019-04-07,70
8228,281,903.2,8,M,2017-01-16,47
8229,293,926.35,8,na,2017-11-14,31
8230,237,711.0,8,na,2019-02-05,32
8231,230,824.1,8,na,2018-07-31,29
8232,116,367.8,8,M,2018-01-24,48
8233,122,364.75,8,na,2017-10-06,28
8234,200,660.5,8,na,2019-03-13,21
8235,123,569.25,8,F,2017-08-18,64
8236,277,853.65,8,M,2018-05-09,51
8237,133,446.6,8,F,2017-06-04,24
8238,112,312.0,8,M,2019-03-19,30
8239,161,535.5,8,na,2018-04-05,25
8240,137,383.1,8,F,2018-03-25,67
8241,251,848.6,8,F,2017-04-04,22
8242,336,1102.15,8,M,2018-08-08,34
8243,219,633.3,8,F,2018-05-22,60
8244,229,659.6,8,M,2017-05-11,64
8245,262,1008.6,8,na,2018-01-24,25
8246,217,604.5,8,F,2017-03-18,50
8247,218,626.85,8,F,2018-02-23,68
8248,279,885.65,8,na,2017-11-23,29
8249,224,741.8,8,F,2019-02-25,65
8250,219,649.35,8,M,2017-09-08,68
8251,377,1103.2,8,F,2017-10-06,46
8252,372,1125.25,8,M,2017-09-14,63
8253,118,386.0,8,M,2018-04-05,44
8254,291,913.85,8,F,2017-01-08,55
8255,297,930.5,8,na,2018-05-15,26
8256,347,1058.6,8,M,2018-08-16,26
8257,272,1057.45,8,M,2018-06-21,41
8258,204,617.05,8,M,2017-05-20,41
8259,230,735.95,8,F,2019-02-13,24
8260,342,1054.05,8,M,2018-02-13,37
8261,329,993.25,8,M,2017-10-20,70
8262,245,961.15,8,M,2017-01-23,42
8263,241,752.0,8,F,2018-05-13,34
8264,234,640.95,8,F,2018-01-29,34
8265,224,617.45,8,F,2019-04-08,48
8266,287,1033.25,8,M,2018-02-28,70
8267,278,1415.9,8,M,2018-09-19,37
8268,277,823.1,8,F,2018-09-28,43
8269,291,904.45,8,F,2017-11-02,61
8270,156,482.75,8,M,2017-06-09,27
8271,256,857.2,8,M,2017-02-05,35
8272,327,1081.6,8,na,2018-12-26,31
8273,197,560.25,8,F,2017-12-12,48
8274,225,667.75,8,F,2018-09-17,66
8275,216,769.05,8,F,2017-10-24,25
8276,241,785.9,8,na,2017-03-02,27
8277,131,440.7,8,F,2017-04-16,27
8278,254,765.4,8,M,2017-05-28,49
8279,348,1147.3,8,na,2018-07-03,24
8280,254,834.45,8,na,2017-10-24,25
8281,287,846.7,8,F,2018-11-18,69
8282,360,1109.15,8,na,2017-07-10,23
8283,191,758.4,8,M,2017-04-15,26
8284,179,512.35,8,M,2018-08-20,52
8285,481,1782.2,8,na,2018-10-26,32
8286,196,787.25,8,na,2017-05-29,30
8287,189,617.05,8,M,2017-08-11,55
8288,188,674.5,8,M,2018-01-16,59
8289,267,1317.15,8,M,2018-06-01,24
8290,230,761.25,8,M,2017-05-31,33
8291,197,610.25,8,F,2017-04-29,27
8292,205,633.7,8,M,2018-12-12,42
8293,73,216.0,8,M,2018-09-18,64
8294,245,774.6,8,F,2017-01-03,29
8295,177,732.55,8,F,2017-06-12,60
8296,256,776.6,8,M,2017-05-08,23
8297,454,1495.15,8,F,2017-11-17,48
8298,157,672.75,8,F,2018-04-06,44
8299,142,402.25,8,F,2018-10-03,46
8300,267,822.85,8,F,2019-04-07,36
8301,285,1060.05,8,M,2017-12-07,38
8302,96,279.5,8,F,2019-02-28,64
8303,229,668.55,8,M,2017-03-17,41
8304,201,616.75,8,F,2018-07-27,25
8305,175,573.25,8,M,2018-10-17,28
8306,260,736.25,8,na,2017-03-11,24
8307,267,819.1,8,F,2019-01-30,71
8308,116,293.5,8,M,2017-06-05,60
8309,146,439.5,8,M,2018-12-28,66
8310,270,1245.8,8,M,2017-10-09,38
8311,400,3308.4,8,F,2017-03-27,55
8312,183,707.25,8,M,2017-11-06,63
8313,272,740.0,8,na,2018-11-08,27
8314,211,650.0,8,na,2017-08-23,22
8315,170,470.65,8,M,2018-09-14,64
8316,254,1306.8,8,F,2017-06-03,22
8317,181,591.75,8,F,2018-12-24,23
8318,318,862.0,8,M,2018-12-18,65
8319,286,1003.23,8,M,2018-03-14,57
8320,194,545.25,8,na,2018-02-14,27
8321,220,733.6,8,F,2017-04-16,42
8322,427,1234.55,8,F,2019-03-21,53
8323,302,1109.2,8,F,2017-05-14,33
8324,254,753.95,8,F,2019-01-29,55
8325,135,393.5,8,F,2017-01-15,53
8326,187,525.5,8,na,2017-01-22,24
8327,255,821.95,8,F,2019-01-16,35
8328,300,896.8,8,F,2019-01-08,24
8329,223,663.0,8,F,2019-02-16,67
8330,208,600.8,8,M,2017-06-18,62
8331,175,530.45,8,M,2018-08-26,44
8332,102,309.75,8,M,2019-02-28,37
8333,166,591.25,8,M,2019-02-12,48
8334,244,731.0,8,M,2018-03-29,67
8335,249,1106.3,8,M,2018-02-21,56
8336,351,915.6,8,na,2017-11-26,31
8337,174,515.45,8,F,2018-09-17,46
8338,231,669.5,8,F,2019-02-06,22
8339,250,814.7,8,na,2018-04-11,32
8340,280,890.95,8,na,2017-05-05,22
8341,515,1759.95,8,M,2017-06-08,49
8342,218,630.15,8,M,2017-11-19,47
8343,194,538.6,8,na,2019-01-19,29
8344,257,766.55,8,na,2018-01-14,34
8345,338,1102.2,8,F,2017-01-12,34
8346,294,896.7,8,F,2017-06-04,46
8347,308,1010.25,8,F,2017-10-26,67
8348,308,984.15,8,M,2017-06-05,58
8349,313,1036.95,8,F,2019-01-13,22
8350,249,756.65,8,M,2017-11-25,65
8351,311,1030.15,8,F,2018-01-22,61
8352,248,745.9,8,M,2017-12-12,39
8353,335,1237.55,8,na,2017-02-20,28
8354,94,269.0,8,F,2017-03-30,62
8355,230,756.8,8,M,2017-02-14,48
8356,178,560.3,8,M,2018-07-25,54
8357,212,662.5,8,M,2019-01-13,49
8358,162,531.8,8,F,2018-10-24,28
8359,293,896.35,8,F,2017-08-19,43
8360,225,625.8,8,F,2018-10-04,54
8361,311,939.55,8,F,2018-12-15,30
8362,142,608.45,8,M,2019-01-07,57
8363,237,688.25,8,F,2019-03-30,49
8364,455,1360.0,8,M,2017-10-21,57
8365,260,1338.95,8,M,2018-06-26,50
8366,160,518.25,8,F,2017-07-13,49
8367,183,552.0,8,M,2018-08-05,35
8368,315,972.45,8,F,2017-11-03,35
8369,247,777.5,8,F,2018-05-22,33
8370,411,1219.05,8,F,2018-09-10,53
8371,165,513.4,8,F,2017-07-03,60
8372,214,634.0,8,M,2017-01-21,25
8373,353,1101.8,8,M,2018-12-05,29
8374,255,803.2,8,M,2018-10-05,33
8375,449,1343.4,8,na,2018-05-03,23
8376,198,607.6,8,F,2017-07-03,27
8377,270,870.3,8,na,2017-03-29,25
8378,301,912.8,8,M,2017-04-16,24
8379,254,793.64,8,na,2018-05-09,31
8380,235,698.35,8,F,2018-01-31,69
8381,289,847.6,8,na,2019-03-25,29
8382,411,1296.45,8,F,2017-09-10,45
8383,294,848.2,8,F,2018-02-04,36
8384,457,1488.9,8,F,2018-02-28,31
8385,253,688.65,8,F,2017-10-27,56
8386,366,1174.0,8,M,2018-12-30,69
8387,222,719.25,8,M,2017-12-24,26
8388,197,772.25,8,na,2019-03-05,26
8389,220,671.2,8,na,2017-10-29,22
8390,213,703.7,8,na,2019-01-13,26
8391,124,421.25,8,na,2017-07-20,26
8392,249,803.5,8,F,2017-05-16,28
8393,230,700.5,8,F,2017-07-18,33
8394,271,913.4,8,M,2017-03-31,31
8395,431,1235.65,8,na,2018-08-30,23
8396,284,900.55,8,F,2018-12-31,53
8397,361,1186.65,8,F,2018-11-09,50
8398,123,326.9,8,F,2017-01-28,31
8399,159,518.6,8,M,2018-08-21,62
8400,235,637.05,8,F,2017-06-27,42
8401,192,498.7,8,M,2019-04-07,68
8402,114,348.05,8,F,2018-12-11,23
8403,280,782.7,8,M,2018-09-07,44
8404,187,560.25,8,F,2018-12-08,55
8405,200,637.7,8,F,2018-01-04,53
8406,314,1021.55,8,M,2017-01-16,56
8407,246,732.6,8,F,2018-10-13,42
8408,183,551.9,8,F,2018-01-11,55
8409,175,593.75,8,F,2017-05-08,32
8410,453,1645.6,8,F,2018-09-23,60
8411,260,879.0,8,F,2017-09-26,56
8412,264,768.1,8,M,2019-01-08,69
8413,269,907.1,8,na,2018-11-17,28
8414,322,969.1,8,F,2018-06-21,69
8415,219,665.75,8,M,2019-02-06,25
8416,120,361.5,8,F,2018-01-20,33
8417,260,781.45,8,M,2017-09-04,36
8418,241,721.0,8,M,2017-10-31,32
8419,249,683.5,8,M,2019-02-24,24
8420,253,934.2,8,M,2018-06-02,60
8421,115,339.25,8,M,2017-12-05,65
8422,191,783.75,8,F,2018-10-30,26
8423,350,1204.1,8,na,2017-08-30,25
8424,251,666.45,8,M,2018-02-25,67
8425,229,895.5,8,na,2017-11-06,30
8426,165,455.6,8,F,2018-03-30,63
8427,248,746.8,8,M,2018-11-21,68
8428,375,1170.45,8,M,2019-02-01,58
8429,313,899.9,8,M,2018-06-06,30
8430,191,626.5,8,M,2017-10-03,32
8431,158,483.7,8,M,2017-04-09,56
8432,172,482.0,8,na,2019-01-19,25
8433,112,405.0,8,F,2018-04-02,33
8434,199,644.3,8,F,2017-12-25,48
8435,206,700.45,8,F,2019-02-04,30
8436,290,856.05,8,F,2019-03-21,33
8437,242,688.15,8,F,2019-01-28,70
8438,301,940.45,8,F,2017-02-13,38
8439,190,602.25,8,M,2017-05-25,48
8440,294,983.94,8,F,2018-02-07,65
8441,272,914.65,8,F,2018-02-28,67
8442,187,527.7,8,M,2017-01-13,34
8443,315,953.6,8,F,2018-12-29,59
8444,265,943.6,8,M,2017-11-24,21
8445,275,849.05,8,na,2018-04-29,30
8446,401,1289.25,8,M,2018-10-01,31
8447,227,692.7,8,M,2017-05-06,22
8448,213,587.25,8,na,2018-10-18,23
8449,168,450.55,8,F,2017-11-02,30
8450,216,687.05,8,F,2017-05-03,40
8451,175,565.95,8,na,2018-02-01,26
8452,157,483.25,8,F,2019-01-05,64
8453,319,1019.9,8,F,2019-02-15,22
8454,133,412.0,8,F,2019-03-21,59
8455,260,847.4,8,na,2017-09-07,24
8456,172,529.0,8,M,2018-04-01,59
8457,271,824.15,8,F,2017-08-25,66
8458,244,749.35,8,F,2018-05-30,63
8459,330,1369.0,8,F,2018-04-23,24
8460,259,830.85,8,na,2017-10-04,29
8461,275,908.75,8,M,2018-07-10,67
8462,229,772.85,8,M,2018-04-11,65
8463,304,940.0,8,F,2018-04-09,41
8464,165,581.9,8,M,2018-05-09,69
8465,199,571.1,8,na,2019-01-15,32
8466,216,622.75,8,F,2019-01-23,71
8467,200,650.5,8,M,2017-05-08,61
8468,160,519.75,8,F,2018-11-09,50
8469,232,672.55,8,M,2017-01-07,54
8470,222,692.9,8,F,2017-05-30,45
8471,195,556.75,8,na,2017-05-27,29
8472,354,1114.5,8,M,2017-08-15,49
8473,109,316.75,8,F,2017-05-08,52
8474,128,429.45,8,F,2018-01-29,62
8475,269,766.0,8,F,2017-10-28,49
8476,184,519.7,8,M,2018-12-10,68
8477,228,711.8,8,M,2017-06-17,41
8478,183,652.65,8,F,2017-07-30,51
8479,180,558.95,8,F,2017-12-29,32
8480,283,856.4,8,M,2018-12-11,41
8481,324,1018.15,8,na,2019-03-22,25
8482,237,690.1,8,F,2019-03-13,58
8483,305,898.5,8,M,2017-01-03,65
8484,156,460.15,8,na,2018-03-29,22
8485,266,801.8,8,F,2018-04-16,62
8486,262,808.35,8,na,2018-05-05,22
8487,264,869.0,8,M,2017-12-27,52
8488,241,805.9,8,F,2019-03-01,69
8489,259,875.4,8,F,2017-11-11,68
8490,188,626.0,8,F,2017-08-18,24
8491,189,644.55,8,F,2017-05-15,65
8492,285,887.35,8,M,2017-12-31,26
8493,267,840.65,8,M,2017-02-27,31
8494,281,1042.5,8,F,2018-10-04,24
8495,270,891.55,8,M,2017-01-04,70
8496,200,664.0,8,F,2017-12-18,45
8497,185,674.05,8,F,2017-01-06,45
8498,159,457.5,8,na,2019-01-20,22
8499,206,656.5,8,F,2017-11-09,26
8500,338,1018.65,8,na,2017-08-21,32
8501,92,298.75,8,F,2018-07-06,56
